project,hash_value,model,prompt,trial,final_score
RoaringBitmap,1de6825,developer,N/A,N/A,1.1110
RoaringBitmap,1de6825,gemini,prompt1,1.0,1.1104
RoaringBitmap,1de6825,gemini,prompt1,2.0,1.1112
RoaringBitmap,1de6825,gemini,prompt1,3.0,1.1052
RoaringBitmap,1de6825,gemini,prompt2,1.0,1.0046
RoaringBitmap,1de6825,gemini,prompt2,2.0,1.1075
RoaringBitmap,1de6825,gemini,prompt2,3.0,1.1099
RoaringBitmap,1de6825,gemini,prompt3,1.0,1.1106
RoaringBitmap,1de6825,gemini,prompt3,2.0,1.1069
RoaringBitmap,1de6825,gemini,prompt3,3.0,1.1121
RoaringBitmap,1de6825,gemini,prompt4,1.0,1.1100
RoaringBitmap,1de6825,gemini,prompt4,2.0,1.1103
RoaringBitmap,1de6825,gemini,prompt4,3.0,1.1092
RoaringBitmap,1de6825,gpt,prompt2,1.0,1.1003
RoaringBitmap,1de6825,gpt,prompt2,2.0,1.1084
RoaringBitmap,1de6825,gpt,prompt2,3.0,1.1084
RoaringBitmap,1de6825,gpt,prompt3,1.0,1.0030
RoaringBitmap,1de6825,gpt,prompt3,2.0,1.1079
RoaringBitmap,1de6825,gpt,prompt3,3.0,1.1027
RoaringBitmap,1de6825,gpt,prompt4,1.0,1.1115
RoaringBitmap,34bce1b,developer,N/A,N/A,4.6322
RoaringBitmap,34bce1b,gemini,prompt1,1.0,4.3442
RoaringBitmap,34bce1b,gemini,prompt1,2.0,3.7887
RoaringBitmap,34bce1b,gemini,prompt1,3.0,3.0275
RoaringBitmap,34bce1b,gemini,prompt2,1.0,4.0375
RoaringBitmap,34bce1b,gemini,prompt2,2.0,4.3206
RoaringBitmap,34bce1b,gemini,prompt2,3.0,4.3709
RoaringBitmap,34bce1b,gemini,prompt3,1.0,3.6279
RoaringBitmap,34bce1b,gemini,prompt3,2.0,4.0661
RoaringBitmap,34bce1b,gemini,prompt3,3.0,4.2694
RoaringBitmap,34bce1b,gemini,prompt4,1.0,5.0641
RoaringBitmap,34bce1b,gemini,prompt4,2.0,3.9505
RoaringBitmap,34bce1b,gemini,prompt4,3.0,3.1022
RoaringBitmap,34bce1b,gpt,prompt1,1.0,2.5442
RoaringBitmap,34bce1b,gpt,prompt1,2.0,2.5274
RoaringBitmap,34bce1b,gpt,prompt2,1.0,2.5313
RoaringBitmap,34bce1b,gpt,prompt2,2.0,2.5544
RoaringBitmap,34bce1b,gpt,prompt3,1.0,2.4174
RoaringBitmap,34bce1b,gpt,prompt3,2.0,4.4358
RoaringBitmap,34bce1b,gpt,prompt4,1.0,4.2982
RoaringBitmap,34bce1b,gpt,prompt4,2.0,4.9428
RoaringBitmap,53ba593,developer,N/A,N/A,1.6389
RoaringBitmap,53ba593,gemini,prompt1,1.0,1.1079
RoaringBitmap,53ba593,gemini,prompt1,2.0,1.0665
RoaringBitmap,53ba593,gemini,prompt1,3.0,1.0557
RoaringBitmap,53ba593,gemini,prompt2,2.0,1.0720
RoaringBitmap,53ba593,gemini,prompt2,3.0,1.0046
RoaringBitmap,53ba593,gemini,prompt3,1.0,1.2124
RoaringBitmap,53ba593,gemini,prompt3,2.0,1.1786
RoaringBitmap,53ba593,gemini,prompt3,3.0,1.1045
RoaringBitmap,53ba593,gemini,prompt4,1.0,1.5832
RoaringBitmap,53ba593,gemini,prompt4,2.0,1.5565
RoaringBitmap,53ba593,gemini,prompt4,3.0,1.3686
RoaringBitmap,53ba593,gpt,prompt1,1.0,1.1144
RoaringBitmap,53ba593,gpt,prompt1,2.0,1.0521
RoaringBitmap,53ba593,gpt,prompt1,3.0,1.0636
RoaringBitmap,53ba593,gpt,prompt3,1.0,1.0333
RoaringBitmap,53ba593,gpt,prompt3,2.0,1.1092
RoaringBitmap,53ba593,gpt,prompt3,3.0,1.0333
RoaringBitmap,53ba593,gpt,prompt4,1.0,1.5031
RoaringBitmap,53ba593,gpt,prompt4,2.0,1.6037
RoaringBitmap,53ba593,gpt,prompt4,3.0,1.0541
RoaringBitmap,abdd6ff,developer,N/A,N/A,1.1092
RoaringBitmap,abdd6ff,gemini,prompt1,1.0,0.9759
RoaringBitmap,abdd6ff,gemini,prompt1,2.0,1.0771
RoaringBitmap,abdd6ff,gemini,prompt1,3.0,1.0056
RoaringBitmap,abdd6ff,gemini,prompt2,1.0,0.9824
RoaringBitmap,abdd6ff,gemini,prompt2,2.0,1.0252
RoaringBitmap,abdd6ff,gemini,prompt2,3.0,1.0208
RoaringBitmap,abdd6ff,gemini,prompt3,1.0,1.0016
RoaringBitmap,abdd6ff,gemini,prompt3,2.0,1.0465
RoaringBitmap,abdd6ff,gemini,prompt3,3.0,0.9918
RoaringBitmap,abdd6ff,gemini,prompt4,1.0,1.0227
RoaringBitmap,abdd6ff,gemini,prompt4,2.0,1.0361
RoaringBitmap,abdd6ff,gemini,prompt4,3.0,1.0853
RoaringBitmap,abdd6ff,gpt,prompt1,1.0,1.0867
RoaringBitmap,abdd6ff,gpt,prompt1,2.0,1.0648
RoaringBitmap,abdd6ff,gpt,prompt1,3.0,1.0274
RoaringBitmap,abdd6ff,gpt,prompt2,1.0,1.0360
RoaringBitmap,abdd6ff,gpt,prompt2,2.0,1.0511
RoaringBitmap,abdd6ff,gpt,prompt3,1.0,1.0159
RoaringBitmap,abdd6ff,gpt,prompt3,2.0,1.0328
RoaringBitmap,abdd6ff,gpt,prompt3,3.0,1.0588
RoaringBitmap,abdd6ff,gpt,prompt4,1.0,1.0788
RoaringBitmap,abdd6ff,gpt,prompt4,2.0,1.0623
RoaringBitmap,abdd6ff,gpt,prompt4,3.0,1.0058
RoaringBitmap,b5b4af6,developer,N/A,N/A,1.3509
kafka,4fa5bdc,developer,N/A,N/A,2.6120
kafka,4fa5bdc,gemini,prompt1,1.0,1.0569
kafka,4fa5bdc,gemini,prompt1,2.0,2.4707
kafka,4fa5bdc,gemini,prompt1,3.0,2.4594
kafka,4fa5bdc,gemini,prompt2,1.0,2.4103
kafka,4fa5bdc,gemini,prompt2,2.0,2.4031
kafka,4fa5bdc,gemini,prompt2,3.0,2.3571
kafka,4fa5bdc,gemini,prompt3,1.0,1.0631
kafka,4fa5bdc,gemini,prompt3,2.0,3.1406
kafka,4fa5bdc,gemini,prompt3,3.0,2.3989
kafka,4fa5bdc,gemini,prompt4,1.0,2.4282
kafka,4fa5bdc,gemini,prompt4,2.0,2.4217
kafka,4fa5bdc,gemini,prompt4,3.0,2.4514
kafka,4fa5bdc,gpt,prompt1,2.0,0.4978
kafka,4fa5bdc,gpt,prompt2,1.0,2.2745
kafka,4fa5bdc,gpt,prompt2,2.0,0.9561
kafka,4fa5bdc,gpt,prompt2,3.0,2.3242
kafka,4fa5bdc,gpt,prompt3,1.0,0.9726
kafka,4fa5bdc,gpt,prompt3,2.0,1.0241
kafka,4fa5bdc,gpt,prompt4,1.0,0.9409
kafka,4fa5bdc,gpt,prompt4,2.0,1.0283
kafka,4fa5bdc,gpt,prompt4,3.0,0.9738
kafka,922a95a,developer,N/A,N/A,1.2783
kafka,922a95a,gemini,prompt1,1.0,1.1055
kafka,922a95a,gemini,prompt1,2.0,1.1378
kafka,922a95a,gemini,prompt1,3.0,1.1757
kafka,922a95a,gemini,prompt2,1.0,1.2352
kafka,922a95a,gemini,prompt2,2.0,1.2563
kafka,922a95a,gemini,prompt2,3.0,1.3976
kafka,922a95a,gemini,prompt3,1.0,8.8123
kafka,922a95a,gemini,prompt3,2.0,9.3818
kafka,922a95a,gemini,prompt3,3.0,1.1050
kafka,922a95a,gemini,prompt4,1.0,1.4115
kafka,922a95a,gemini,prompt4,2.0,1.2597
kafka,922a95a,gemini,prompt4,3.0,1.2622
kafka,922a95a,gpt,prompt1,1.0,0.8064
kafka,922a95a,gpt,prompt1,2.0,0.9488
kafka,922a95a,gpt,prompt1,3.0,0.7631
kafka,922a95a,gpt,prompt2,2.0,1.2664
kafka,922a95a,gpt,prompt2,3.0,1.2961
kafka,922a95a,gpt,prompt3,2.0,0.8941
kafka,922a95a,gpt,prompt3,3.0,98.7134
kafka,922a95a,gpt,prompt4,3.0,1.4612
kafka,9bb2f78,developer,N/A,N/A,77.7804
kafka,9bb2f78,gemini,prompt1,1.0,77.4814
kafka,9bb2f78,gemini,prompt1,2.0,80.0070
kafka,9bb2f78,gemini,prompt1,3.0,77.1510
kafka,9bb2f78,gemini,prompt2,1.0,76.6902
kafka,9bb2f78,gemini,prompt2,2.0,83.6895
kafka,9bb2f78,gemini,prompt2,3.0,81.0295
kafka,9bb2f78,gemini,prompt3,1.0,81.0537
kafka,9bb2f78,gemini,prompt3,2.0,77.9079
kafka,9bb2f78,gemini,prompt3,3.0,74.1551
kafka,9bb2f78,gemini,prompt4,1.0,83.4535
kafka,9bb2f78,gemini,prompt4,2.0,84.8374
kafka,9bb2f78,gemini,prompt4,3.0,78.8606
kafka,9bb2f78,gpt,prompt1,1.0,83.3831
kafka,9bb2f78,gpt,prompt1,2.0,76.4901
kafka,9bb2f78,gpt,prompt1,3.0,87.3477
kafka,9bb2f78,gpt,prompt2,1.0,84.5197
kafka,9bb2f78,gpt,prompt2,2.0,74.8954
kafka,9bb2f78,gpt,prompt2,3.0,86.0605
kafka,9bb2f78,gpt,prompt3,1.0,80.9767
kafka,9bb2f78,gpt,prompt3,2.0,84.5698
kafka,9bb2f78,gpt,prompt3,3.0,87.8698
kafka,9bb2f78,gpt,prompt4,1.0,79.9858
kafka,9bb2f78,gpt,prompt4,2.0,84.3887
kafka,9bb2f78,gpt,prompt4,3.0,86.1750
kafka,aecd47b,developer,N/A,N/A,1.0525
kafka,aecd47b,gemini,prompt1,1.0,2.5052
kafka,aecd47b,gemini,prompt1,2.0,2.3870
kafka,aecd47b,gemini,prompt1,3.0,2.3795
kafka,aecd47b,gemini,prompt2,1.0,1.0540
kafka,aecd47b,gemini,prompt2,2.0,1.0551
kafka,aecd47b,gemini,prompt2,3.0,1.0548
kafka,aecd47b,gemini,prompt3,1.0,2.1989
kafka,aecd47b,gemini,prompt3,2.0,2.2736
kafka,aecd47b,gemini,prompt3,3.0,2.2872
kafka,aecd47b,gemini,prompt4,1.0,1.0553
kafka,aecd47b,gemini,prompt4,2.0,1.0543
kafka,aecd47b,gemini,prompt4,3.0,1.0538
kafka,aecd47b,gpt,prompt1,1.0,2.2130
kafka,aecd47b,gpt,prompt1,2.0,2.2055
kafka,aecd47b,gpt,prompt1,3.0,6.4518
kafka,aecd47b,gpt,prompt2,1.0,1.0552
kafka,aecd47b,gpt,prompt2,2.0,0.1393
kafka,aecd47b,gpt,prompt2,3.0,6.6609
kafka,aecd47b,gpt,prompt3,1.0,2.5591
kafka,aecd47b,gpt,prompt3,2.0,2.3941
kafka,aecd47b,gpt,prompt3,3.0,7.7263
kafka,aecd47b,gpt,prompt4,1.0,0.1389
kafka,aecd47b,gpt,prompt4,2.0,1.0537
kafka,aecd47b,gpt,prompt4,3.0,6.7109
kafka,b25c96a,developer,N/A,N/A,44.9050
kafka,b25c96a,gemini,prompt1,1.0,55.5461
kafka,b25c96a,gemini,prompt1,2.0,57.0680
kafka,b25c96a,gemini,prompt1,3.0,54.6794
kafka,b25c96a,gemini,prompt2,1.0,56.9405
kafka,b25c96a,gemini,prompt2,2.0,57.1486
kafka,b25c96a,gemini,prompt2,3.0,57.0472
kafka,b25c96a,gemini,prompt3,1.0,57.1665
kafka,b25c96a,gemini,prompt3,2.0,55.8367
kafka,b25c96a,gemini,prompt3,3.0,55.6460
kafka,b25c96a,gemini,prompt4,1.0,56.1546
kafka,b25c96a,gemini,prompt4,2.0,55.1980
kafka,b25c96a,gemini,prompt4,3.0,55.1143
kafka,b25c96a,gpt,prompt1,2.0,0.9267
kafka,b25c96a,gpt,prompt1,3.0,54.6099
kafka,b25c96a,gpt,prompt2,1.0,55.1594
kafka,b25c96a,gpt,prompt2,2.0,56.9313
kafka,b25c96a,gpt,prompt2,3.0,53.0737
kafka,b25c96a,gpt,prompt3,1.0,57.9367
kafka,b25c96a,gpt,prompt3,2.0,56.5797
kafka,b25c96a,gpt,prompt3,3.0,54.8679
kafka,b25c96a,gpt,prompt4,1.0,57.2753
kafka,b25c96a,gpt,prompt4,2.0,58.0399
kafka,b25c96a,gpt,prompt4,3.0,53.6816
kafka,c05403f,developer,N/A,N/A,1.5237
kafka,c05403f,gemini,prompt1,1.0,1.2306
kafka,c05403f,gemini,prompt1,2.0,1.2249
kafka,c05403f,gemini,prompt1,3.0,1.5580
kafka,c05403f,gemini,prompt2,1.0,1.2435
kafka,c05403f,gemini,prompt2,2.0,1.2296
kafka,c05403f,gemini,prompt2,3.0,1.1558
kafka,c05403f,gemini,prompt3,1.0,1.2304
kafka,c05403f,gemini,prompt3,2.0,1.2306
kafka,c05403f,gemini,prompt3,3.0,1.2275
kafka,c05403f,gemini,prompt4,1.0,1.1898
kafka,c05403f,gemini,prompt4,2.0,1.2280
kafka,c05403f,gemini,prompt4,3.0,1.2044
kafka,c05403f,gpt,prompt1,1.0,1.0079
kafka,c05403f,gpt,prompt1,2.0,1.1819
kafka,c05403f,gpt,prompt2,2.0,1.2551
kafka,c05403f,gpt,prompt3,1.0,1.2311
kafka,c05403f,gpt,prompt3,2.0,1.2502
kafka,c05403f,gpt,prompt4,2.0,1.4577
kafka,c05403f,gpt,prompt4,3.0,1.2564
kafka,c8af740,developer,N/A,N/A,1.8874
kafka,c8af740,gemini,prompt1,1.0,1.9385
kafka,c8af740,gemini,prompt1,2.0,1.7953
kafka,c8af740,gemini,prompt1,3.0,1.9071
kafka,c8af740,gemini,prompt2,1.0,1.8842
kafka,c8af740,gemini,prompt2,2.0,1.8561
kafka,c8af740,gemini,prompt2,3.0,1.9029
kafka,c8af740,gemini,prompt3,1.0,1.9021
kafka,c8af740,gemini,prompt3,2.0,1.8572
kafka,c8af740,gemini,prompt3,3.0,1.9339
kafka,c8af740,gemini,prompt4,1.0,1.9399
kafka,c8af740,gemini,prompt4,2.0,1.9093
kafka,c8af740,gemini,prompt4,3.0,1.9195
kafka,c8af740,gpt,prompt1,1.0,1.9433
kafka,c8af740,gpt,prompt1,2.0,1.9446
kafka,c8af740,gpt,prompt1,3.0,2.0802
kafka,c8af740,gpt,prompt2,1.0,2.0179
kafka,c8af740,gpt,prompt2,2.0,1.9424
kafka,c8af740,gpt,prompt2,3.0,2.1168
kafka,c8af740,gpt,prompt3,1.0,2.0063
kafka,c8af740,gpt,prompt3,2.0,1.8931
kafka,c8af740,gpt,prompt3,3.0,2.1700
kafka,c8af740,gpt,prompt4,1.0,1.9902
kafka,c8af740,gpt,prompt4,2.0,1.9671
kafka,c8af740,gpt,prompt4,3.0,2.0916
kafka,cfc34ca,developer,N/A,N/A,3.9476
kafka,cfc34ca,gemini,prompt3,1.0,3.6756
kafka,cfc34ca,gemini,prompt4,1.0,1.8294
kafka,cfc34ca,gemini,prompt4,2.0,1.1466
kafka,cfc34ca,gemini,prompt4,3.0,5.4687
kafka,cfc34ca,gpt,prompt4,1.0,2.8723
kafka,cfc34ca,gpt,prompt4,2.0,3.6985
kafka,cfc34ca,gpt,prompt4,3.0,2.3158
kafka,e2e2c62,developer,N/A,N/A,1.4273
kafka,e2e2c62,gemini,prompt1,1.0,1.3506
kafka,e2e2c62,gemini,prompt4,1.0,0.9575
kafka,e2e2c62,gemini,prompt4,2.0,0.9645
kafka,e2e2c62,gpt,prompt1,3.0,1.0455
kafka,e3ccf20,developer,N/A,N/A,1.5208
kafka,e3ccf20,gemini,prompt1,1.0,0.9514
kafka,e3ccf20,gemini,prompt1,2.0,0.9773
kafka,e3ccf20,gemini,prompt1,3.0,0.9721
kafka,e3ccf20,gemini,prompt2,1.0,3.1399
kafka,e3ccf20,gemini,prompt2,2.0,4.2493
kafka,e3ccf20,gemini,prompt2,3.0,1.5303
kafka,e3ccf20,gemini,prompt3,1.0,0.9765
kafka,e3ccf20,gemini,prompt3,2.0,0.9726
kafka,e3ccf20,gemini,prompt3,3.0,0.9518
kafka,e3ccf20,gemini,prompt4,1.0,4.2939
kafka,e3ccf20,gemini,prompt4,2.0,1.4457
kafka,e3ccf20,gemini,prompt4,3.0,3.1549
kafka,e3ccf20,gpt,prompt1,1.0,0.9717
kafka,e3ccf20,gpt,prompt1,2.0,0.9782
kafka,e3ccf20,gpt,prompt2,1.0,1.5053
kafka,e3ccf20,gpt,prompt2,2.0,1.4581
kafka,e3ccf20,gpt,prompt2,3.0,1.0123
kafka,e3ccf20,gpt,prompt3,1.0,1.0059
kafka,e3ccf20,gpt,prompt3,3.0,0.9912
kafka,e3ccf20,gpt,prompt4,1.0,0.9858
kafka,e3ccf20,gpt,prompt4,2.0,0.9697
kafka,e3ccf20,gpt,prompt4,3.0,0.4056
netty,2791f0f,developer,N/A,N/A,1.4459
netty,2791f0f,gemini,prompt1,1.0,1.0048
netty,2791f0f,gemini,prompt1,2.0,1.0012
netty,2791f0f,gemini,prompt1,3.0,1.0362
netty,2791f0f,gemini,prompt2,1.0,1.4064
netty,2791f0f,gemini,prompt2,2.0,1.3634
netty,2791f0f,gemini,prompt2,3.0,1.3534
netty,2791f0f,gemini,prompt3,1.0,1.0345
netty,2791f0f,gemini,prompt3,3.0,1.3902
netty,2791f0f,gemini,prompt4,1.0,1.4170
netty,2791f0f,gemini,prompt4,2.0,1.3893
netty,2791f0f,gemini,prompt4,3.0,1.4177
netty,2791f0f,gpt,prompt1,1.0,0.9953
netty,2791f0f,gpt,prompt2,1.0,1.2283
netty,2791f0f,gpt,prompt2,2.0,1.2932
netty,2791f0f,gpt,prompt2,3.0,1.3395
netty,2791f0f,gpt,prompt3,2.0,0.9662
netty,2791f0f,gpt,prompt3,3.0,1.0212
netty,2791f0f,gpt,prompt4,2.0,1.2863
netty,2791f0f,gpt,prompt4,3.0,1.3543
netty,2ed95c9,developer,N/A,N/A,2.5170
netty,2ed95c9,gemini,prompt1,1.0,1.0587
netty,2ed95c9,gemini,prompt1,2.0,1.0371
netty,2ed95c9,gemini,prompt1,3.0,1.0424
netty,2ed95c9,gemini,prompt2,2.0,1.0339
netty,2ed95c9,gemini,prompt3,1.0,1.1695
netty,2ed95c9,gemini,prompt3,2.0,1.1789
netty,2ed95c9,gemini,prompt3,3.0,1.0415
netty,2ed95c9,gemini,prompt4,3.0,0.7155
netty,2ed95c9,gpt,prompt1,1.0,1.1435
netty,2ed95c9,gpt,prompt1,2.0,1.1516
netty,2ed95c9,gpt,prompt1,3.0,1.0551
netty,2ed95c9,gpt,prompt2,1.0,0.9129
netty,2ed95c9,gpt,prompt2,2.0,1.9549
netty,2ed95c9,gpt,prompt2,3.0,0.9097
netty,2ed95c9,gpt,prompt4,1.0,0.5797
netty,2ed95c9,gpt,prompt4,2.0,0.9092
netty,2ed95c9,gpt,prompt4,3.0,0.8719
netty,5a9b28a,developer,N/A,N/A,1.2064
netty,5a9b28a,gemini,prompt1,1.0,0.7706
netty,5a9b28a,gemini,prompt1,2.0,0.9489
netty,5a9b28a,gemini,prompt1,3.0,1.2030
netty,5a9b28a,gemini,prompt2,1.0,0.8467
netty,5a9b28a,gemini,prompt2,2.0,1.0927
netty,5a9b28a,gemini,prompt2,3.0,1.5264
netty,5a9b28a,gemini,prompt3,1.0,1.0293
netty,5a9b28a,gemini,prompt3,2.0,1.3125
netty,5a9b28a,gemini,prompt3,3.0,1.1356
netty,5a9b28a,gemini,prompt4,1.0,1.2520
netty,5a9b28a,gemini,prompt4,2.0,1.0747
netty,5a9b28a,gemini,prompt4,3.0,0.9378
netty,5a9b28a,gpt,prompt1,1.0,1.1543
netty,5a9b28a,gpt,prompt1,2.0,0.9780
netty,5a9b28a,gpt,prompt1,3.0,1.3034
netty,5a9b28a,gpt,prompt2,1.0,1.4354
netty,5a9b28a,gpt,prompt2,2.0,1.3211
netty,5a9b28a,gpt,prompt2,3.0,1.2560
netty,5a9b28a,gpt,prompt3,1.0,1.2352
netty,5a9b28a,gpt,prompt3,2.0,1.1107
netty,5a9b28a,gpt,prompt3,3.0,1.3931
netty,5a9b28a,gpt,prompt4,1.0,1.0839
netty,5a9b28a,gpt,prompt4,2.0,1.4267
netty,5a9b28a,gpt,prompt4,3.0,1.2675
netty,67d3a78,developer,N/A,N/A,1.1370
netty,67d3a78,gemini,prompt1,2.0,0.9946
netty,67d3a78,gemini,prompt1,3.0,1.1672
netty,67d3a78,gemini,prompt2,1.0,1.1394
netty,67d3a78,gemini,prompt2,2.0,1.1272
netty,67d3a78,gemini,prompt2,3.0,1.0913
netty,67d3a78,gemini,prompt3,1.0,1.0722
netty,67d3a78,gemini,prompt3,2.0,1.0296
netty,67d3a78,gemini,prompt3,3.0,0.8722
netty,67d3a78,gemini,prompt4,1.0,1.0238
netty,67d3a78,gemini,prompt4,2.0,1.3492
netty,67d3a78,gemini,prompt4,3.0,1.0246
netty,67d3a78,gpt,prompt1,1.0,1.0013
netty,67d3a78,gpt,prompt1,2.0,1.0047
netty,67d3a78,gpt,prompt1,3.0,0.9977
netty,67d3a78,gpt,prompt3,3.0,0.9930
netty,67d3a78,gpt,prompt4,1.0,1.2631
netty,67d3a78,gpt,prompt4,2.0,1.0132
netty,83a19d5,developer,N/A,N/A,1.3234
netty,83a19d5,gemini,prompt1,1.0,1.0266
netty,83a19d5,gemini,prompt1,2.0,1.2169
netty,83a19d5,gemini,prompt1,3.0,1.2222
netty,83a19d5,gemini,prompt2,1.0,1.2098
netty,83a19d5,gemini,prompt2,2.0,1.1437
netty,83a19d5,gemini,prompt2,3.0,1.2535
netty,83a19d5,gemini,prompt3,1.0,0.9783
netty,83a19d5,gemini,prompt3,2.0,0.9800
netty,83a19d5,gemini,prompt3,3.0,1.2524
netty,83a19d5,gemini,prompt4,1.0,1.2877
netty,83a19d5,gemini,prompt4,2.0,1.1975
netty,83a19d5,gemini,prompt4,3.0,1.1881
netty,83a19d5,gpt,prompt1,2.0,1.2074
netty,83a19d5,gpt,prompt1,3.0,1.0341
netty,83a19d5,gpt,prompt2,1.0,1.3307
netty,83a19d5,gpt,prompt2,2.0,1.2661
netty,83a19d5,gpt,prompt2,3.0,1.1694
netty,83a19d5,gpt,prompt3,1.0,1.3224
netty,83a19d5,gpt,prompt3,2.0,1.0206
netty,83a19d5,gpt,prompt3,3.0,1.2527
netty,83a19d5,gpt,prompt4,1.0,1.1731
netty,83a19d5,gpt,prompt4,3.0,1.2548
netty,87ec2f8,developer,N/A,N/A,1.6945
netty,87ec2f8,gemini,prompt1,1.0,0.9933
netty,87ec2f8,gemini,prompt1,2.0,0.9949
netty,87ec2f8,gemini,prompt1,3.0,0.9981
netty,87ec2f8,gemini,prompt2,1.0,1.4167
netty,87ec2f8,gemini,prompt2,2.0,1.4010
netty,87ec2f8,gemini,prompt2,3.0,1.4094
netty,87ec2f8,gemini,prompt3,1.0,0.6800
netty,87ec2f8,gemini,prompt3,2.0,0.8862
netty,87ec2f8,gemini,prompt3,3.0,1.4119
netty,87ec2f8,gemini,prompt4,1.0,1.4081
netty,87ec2f8,gemini,prompt4,2.0,1.4101
netty,87ec2f8,gemini,prompt4,3.0,1.4063
netty,87ec2f8,gpt,prompt1,1.0,0.9923
netty,87ec2f8,gpt,prompt1,2.0,0.9948
netty,87ec2f8,gpt,prompt1,3.0,0.9915
netty,87ec2f8,gpt,prompt2,1.0,1.2622
netty,87ec2f8,gpt,prompt2,2.0,1.0956
netty,87ec2f8,gpt,prompt2,3.0,1.1003
netty,87ec2f8,gpt,prompt3,3.0,0.9358
netty,87ec2f8,gpt,prompt4,1.0,1.0835
netty,87ec2f8,gpt,prompt4,2.0,1.4207
netty,87ec2f8,gpt,prompt4,3.0,1.1004
netty,8a8337e,developer,N/A,N/A,1.1243
netty,8a8337e,gemini,prompt1,1.0,1.0988
netty,8a8337e,gemini,prompt1,2.0,1.0678
netty,8a8337e,gemini,prompt1,3.0,0.9730
netty,8a8337e,gemini,prompt2,1.0,1.0722
netty,8a8337e,gemini,prompt3,1.0,1.0166
netty,8a8337e,gemini,prompt3,2.0,1.0621
netty,8a8337e,gemini,prompt3,3.0,1.0135
netty,8a8337e,gemini,prompt4,1.0,0.9884
netty,8a8337e,gpt,prompt1,1.0,0.8273
netty,8a8337e,gpt,prompt1,2.0,1.0101
netty,8a8337e,gpt,prompt1,3.0,0.9672
netty,8a8337e,gpt,prompt3,1.0,0.8412
netty,8a8337e,gpt,prompt3,2.0,1.0262
netty,8a8337e,gpt,prompt3,3.0,1.0217
netty,8a8337e,gpt,prompt4,1.0,1.1680
netty,8a8337e,gpt,prompt4,2.0,1.1283
netty,b2eaab0,developer,N/A,N/A,1.7399
netty,b2eaab0,gemini,prompt1,1.0,0.9987
netty,b2eaab0,gemini,prompt1,2.0,1.0295
netty,b2eaab0,gemini,prompt1,3.0,1.0202
netty,b2eaab0,gemini,prompt2,1.0,0.9878
netty,b2eaab0,gemini,prompt2,2.0,1.0180
netty,b2eaab0,gemini,prompt2,3.0,1.0221
netty,b2eaab0,gemini,prompt3,1.0,1.0032
netty,b2eaab0,gemini,prompt3,3.0,1.0275
netty,b2eaab0,gemini,prompt4,1.0,1.4452
netty,b2eaab0,gemini,prompt4,2.0,1.4231
netty,b2eaab0,gpt,prompt1,1.0,1.0242
netty,b2eaab0,gpt,prompt1,2.0,1.0236
netty,b2eaab0,gpt,prompt1,3.0,1.0141
netty,b2eaab0,gpt,prompt2,1.0,1.0199
netty,b2eaab0,gpt,prompt3,1.0,1.0102
netty,b2eaab0,gpt,prompt3,2.0,1.0148
netty,b2eaab0,gpt,prompt3,3.0,1.0063
netty,b2eaab0,gpt,prompt4,1.0,1.0143
netty,b2eaab0,gpt,prompt4,2.0,0.9942
netty,b2eaab0,gpt,prompt4,3.0,1.0139
netty,deea51e,developer,N/A,N/A,1.1431
netty,deea51e,gemini,prompt1,1.0,1.1345
netty,deea51e,gemini,prompt2,1.0,1.0914
netty,deea51e,gemini,prompt3,1.0,1.1322
netty,deea51e,gemini,prompt4,1.0,1.1364
netty,deea51e,gpt,prompt1,2.0,1.0635
netty,deea51e,gpt,prompt2,2.0,1.0909
netty,deea51e,gpt,prompt3,2.0,1.2742
netty,deea51e,gpt,prompt4,2.0,1.1025
netty,feb804d,developer,N/A,N/A,1.1045
netty,feb804d,gemini,prompt1,1.0,1.0753
netty,feb804d,gemini,prompt1,2.0,1.0667
netty,feb804d,gemini,prompt1,3.0,1.0557
netty,feb804d,gemini,prompt2,1.0,1.0781
netty,feb804d,gemini,prompt2,2.0,1.1073
netty,feb804d,gemini,prompt2,3.0,1.0750
netty,feb804d,gemini,prompt3,1.0,1.0996
netty,feb804d,gemini,prompt3,2.0,1.0424
netty,feb804d,gemini,prompt3,3.0,1.0915
netty,feb804d,gemini,prompt4,1.0,1.1054
netty,feb804d,gemini,prompt4,2.0,1.1085
netty,feb804d,gemini,prompt4,3.0,1.0720
netty,feb804d,gpt,prompt1,1.0,1.0915
netty,feb804d,gpt,prompt1,3.0,1.0804
netty,feb804d,gpt,prompt2,1.0,1.0717
netty,feb804d,gpt,prompt2,2.0,1.0918
netty,feb804d,gpt,prompt2,3.0,1.0976
netty,feb804d,gpt,prompt3,1.0,0.9699
netty,feb804d,gpt,prompt3,2.0,1.0779
netty,feb804d,gpt,prompt3,3.0,1.1071
netty,feb804d,gpt,prompt4,1.0,1.0977
netty,feb804d,gpt,prompt4,3.0,1.0469
presto,20dcaed,developer,N/A,N/A,129.7481
presto,20dcaed,gemini,prompt1,1.0,128.0886
presto,20dcaed,gemini,prompt2,1.0,128.1690
presto,20dcaed,gemini,prompt2,2.0,127.2594
presto,20dcaed,gemini,prompt2,3.0,128.0176
presto,20dcaed,gemini,prompt3,2.0,127.2820
presto,20dcaed,gemini,prompt4,1.0,127.5916
presto,20dcaed,gemini,prompt4,2.0,128.4912
presto,20dcaed,gpt,prompt1,3.0,127.7617
presto,20dcaed,gpt,prompt2,3.0,130.1992
presto,20dcaed,gpt,prompt3,3.0,128.3846
presto,20dcaed,gpt,prompt4,1.0,128.3675
presto,20dcaed,gpt,prompt4,2.0,128.0111
presto,20dcaed,gpt,prompt4,3.0,127.2968
presto,239f726,developer,N/A,N/A,20.7221
presto,239f726,gemini,prompt1,3.0,1.0131
presto,239f726,gemini,prompt2,1.0,0.9850
presto,239f726,gemini,prompt3,1.0,20.7287
presto,239f726,gemini,prompt3,2.0,21.1675
presto,239f726,gemini,prompt3,3.0,20.8050
presto,239f726,gemini,prompt4,1.0,21.6183
presto,239f726,gemini,prompt4,2.0,1.0183
presto,239f726,gpt,prompt1,1.0,0.9840
presto,239f726,gpt,prompt1,2.0,0.9877
presto,239f726,gpt,prompt1,3.0,1.0020
presto,239f726,gpt,prompt2,1.0,20.7916
presto,297b089,developer,N/A,N/A,1.0618
presto,297b089,gemini,prompt1,1.0,1.0340
presto,297b089,gemini,prompt1,2.0,0.9920
presto,297b089,gemini,prompt1,3.0,1.0253
presto,297b089,gemini,prompt2,1.0,1.0157
presto,297b089,gemini,prompt2,2.0,1.0258
presto,297b089,gemini,prompt2,3.0,1.0249
presto,297b089,gemini,prompt3,1.0,1.0390
presto,297b089,gemini,prompt3,2.0,1.0129
presto,297b089,gemini,prompt3,3.0,0.9915
presto,297b089,gemini,prompt4,1.0,1.0437
presto,297b089,gemini,prompt4,2.0,1.0196
presto,297b089,gemini,prompt4,3.0,1.0420
presto,297b089,gpt,prompt1,2.0,1.0332
presto,297b089,gpt,prompt2,1.0,1.0008
presto,297b089,gpt,prompt2,3.0,0.9992
presto,297b089,gpt,prompt3,3.0,1.0052
presto,297b089,gpt,prompt4,1.0,1.0088
presto,3a4f2e3,developer,N/A,N/A,1.1835
presto,3a4f2e3,gemini,prompt1,1.0,1.0524
presto,3a4f2e3,gemini,prompt1,2.0,1.0286
presto,3a4f2e3,gemini,prompt1,3.0,1.0377
presto,3a4f2e3,gemini,prompt2,3.0,1.0454
presto,3a4f2e3,gemini,prompt3,1.0,1.0584
presto,3a4f2e3,gemini,prompt3,2.0,1.0416
presto,3a4f2e3,gemini,prompt3,3.0,0.9946
presto,3a4f2e3,gemini,prompt4,1.0,1.0751
presto,3a4f2e3,gpt,prompt1,2.0,1.0694
presto,3a4f2e3,gpt,prompt1,3.0,1.0415
presto,3a4f2e3,gpt,prompt2,3.0,1.0521
presto,3a4f2e3,gpt,prompt3,1.0,1.0239
presto,3a4f2e3,gpt,prompt4,1.0,1.0569
presto,3a4f2e3,gpt,prompt4,2.0,1.0539
presto,3a4f2e3,gpt,prompt4,3.0,1.0660
presto,3f63ade,developer,N/A,N/A,12.8576
presto,3f63ade,gemini,prompt1,2.0,0.9889
presto,3f63ade,gemini,prompt1,3.0,0.9804
presto,3f63ade,gemini,prompt2,1.0,7.4733
presto,3f63ade,gemini,prompt2,2.0,7.2749
presto,3f63ade,gemini,prompt2,3.0,7.1658
presto,3f63ade,gemini,prompt3,1.0,0.9208
presto,3f63ade,gemini,prompt3,2.0,7.2971
presto,3f63ade,gemini,prompt3,3.0,0.9333
presto,3f63ade,gemini,prompt4,1.0,8.4143
presto,3f63ade,gemini,prompt4,2.0,7.5644
presto,3f63ade,gemini,prompt4,3.0,12.1815
presto,3f63ade,gpt,prompt1,3.0,0.9746
presto,3f63ade,gpt,prompt2,1.0,7.3736
presto,3f63ade,gpt,prompt2,2.0,7.4819
presto,3f63ade,gpt,prompt2,3.0,7.4819
presto,3f63ade,gpt,prompt3,1.0,8.0073
presto,3f63ade,gpt,prompt3,3.0,7.8685
presto,3f63ade,gpt,prompt4,1.0,7.5767
presto,3f63ade,gpt,prompt4,3.0,7.4965
presto,469637d,developer,N/A,N/A,1.0979
presto,46d219f,developer,N/A,N/A,5.8347
presto,46d219f,gemini,prompt1,1.0,0.9039
presto,46d219f,gemini,prompt1,2.0,0.8986
presto,46d219f,gemini,prompt1,3.0,0.8786
presto,46d219f,gemini,prompt2,1.0,5.8311
presto,46d219f,gemini,prompt2,2.0,5.8554
presto,46d219f,gemini,prompt2,3.0,5.8069
presto,46d219f,gemini,prompt3,1.0,0.8747
presto,46d219f,gemini,prompt3,2.0,0.8789
presto,46d219f,gemini,prompt3,3.0,5.8527
presto,46d219f,gemini,prompt4,1.0,5.8368
presto,46d219f,gemini,prompt4,2.0,5.7246
presto,46d219f,gemini,prompt4,3.0,5.8858
presto,46d219f,gpt,prompt1,1.0,5.8183
presto,46d219f,gpt,prompt1,2.0,0.9046
presto,46d219f,gpt,prompt1,3.0,0.8434
presto,46d219f,gpt,prompt2,1.0,5.8741
presto,46d219f,gpt,prompt2,2.0,5.8941
presto,46d219f,gpt,prompt2,3.0,5.7458
presto,46d219f,gpt,prompt3,1.0,0.8943
presto,46d219f,gpt,prompt3,2.0,0.9038
presto,46d219f,gpt,prompt3,3.0,0.8962
presto,46d219f,gpt,prompt4,1.0,5.8810
presto,46d219f,gpt,prompt4,2.0,5.9064
presto,46d219f,gpt,prompt4,3.0,5.8213
presto,4e71bf3,developer,N/A,N/A,1.4080
presto,4e71bf3,gemini,prompt1,1.0,1.2074
presto,4e71bf3,gemini,prompt1,2.0,1.2937
presto,4e71bf3,gemini,prompt1,3.0,1.2226
presto,4e71bf3,gemini,prompt2,1.0,1.3529
presto,4e71bf3,gemini,prompt2,2.0,1.3475
presto,4e71bf3,gemini,prompt2,3.0,1.3559
presto,4e71bf3,gemini,prompt3,1.0,1.2195
presto,4e71bf3,gemini,prompt3,2.0,1.2675
presto,4e71bf3,gemini,prompt3,3.0,1.2216
presto,4e71bf3,gemini,prompt4,1.0,1.3163
presto,4e71bf3,gemini,prompt4,2.0,1.3916
presto,4e71bf3,gemini,prompt4,3.0,1.3696
presto,4e71bf3,gpt,prompt1,1.0,1.0332
presto,4e71bf3,gpt,prompt2,1.0,1.0394
presto,4e71bf3,gpt,prompt2,2.0,1.0051
presto,4e71bf3,gpt,prompt2,3.0,1.0448
presto,4e71bf3,gpt,prompt3,3.0,1.0032
presto,4e71bf3,gpt,prompt4,1.0,1.0650
presto,4e71bf3,gpt,prompt4,2.0,1.0224
presto,4e71bf3,gpt,prompt4,3.0,1.0576
presto,53aa7f6,developer,N/A,N/A,1.3997
presto,53aa7f6,gemini,prompt1,1.0,1.0024
presto,53aa7f6,gemini,prompt1,2.0,1.0132
presto,53aa7f6,gemini,prompt1,3.0,1.0129
presto,53aa7f6,gemini,prompt2,1.0,1.0081
presto,53aa7f6,gemini,prompt2,2.0,0.9977
presto,53aa7f6,gemini,prompt2,3.0,1.0026
presto,53aa7f6,gemini,prompt3,1.0,1.0004
presto,53aa7f6,gemini,prompt3,2.0,1.0027
presto,53aa7f6,gemini,prompt3,3.0,0.9967
presto,53aa7f6,gemini,prompt4,1.0,1.0064
presto,53aa7f6,gemini,prompt4,2.0,1.0039
presto,53aa7f6,gemini,prompt4,3.0,0.9988
presto,53aa7f6,gpt,prompt1,2.0,1.0082
presto,53aa7f6,gpt,prompt1,3.0,0.9872
presto,53aa7f6,gpt,prompt2,3.0,1.0053
presto,53aa7f6,gpt,prompt3,1.0,1.0125
presto,53aa7f6,gpt,prompt3,2.0,1.0124
presto,53aa7f6,gpt,prompt3,3.0,1.0085
presto,53aa7f6,gpt,prompt4,3.0,1.0076
presto,659c3ee,developer,N/A,N/A,1.0631
presto,659c3ee,gemini,prompt1,1.0,1.0431
presto,659c3ee,gemini,prompt1,2.0,1.0474
presto,659c3ee,gemini,prompt1,3.0,1.0361
presto,659c3ee,gemini,prompt3,1.0,1.0185
presto,659c3ee,gemini,prompt3,2.0,1.0264
presto,659c3ee,gemini,prompt3,3.0,1.0317
presto,659c3ee,gpt,prompt1,1.0,1.0476
presto,659c3ee,gpt,prompt1,2.0,1.0449
presto,659c3ee,gpt,prompt2,1.0,1.0071
presto,659c3ee,gpt,prompt2,3.0,1.0605
presto,659c3ee,gpt,prompt3,3.0,1.0301
presto,659c3ee,gpt,prompt4,1.0,1.0414
presto,659c3ee,gpt,prompt4,2.0,1.0493
presto,659c3ee,gpt,prompt4,3.0,1.0159
presto,6908344,developer,N/A,N/A,1.5482
presto,6908344,gemini,prompt1,1.0,0.9913
presto,6908344,gemini,prompt2,2.0,1.5231
presto,6908344,gemini,prompt2,3.0,1.6289
presto,6908344,gemini,prompt4,1.0,1.6027
presto,6908344,gemini,prompt4,2.0,1.6119
presto,6908344,gemini,prompt4,3.0,1.5193
presto,6908344,gpt,prompt1,2.0,0.9777
presto,6908344,gpt,prompt1,3.0,1.0056
presto,6908344,gpt,prompt2,1.0,1.3279
presto,6908344,gpt,prompt3,1.0,1.0060
presto,6908344,gpt,prompt3,3.0,0.7449
presto,6908344,gpt,prompt4,1.0,0.9970
presto,6908344,gpt,prompt4,3.0,1.5998
presto,8abba9e,developer,N/A,N/A,7.8397
presto,8abba9e,gemini,prompt3,2.0,7.7449
presto,8d7f587,developer,N/A,N/A,15.3058
presto,8d7f587,gemini,prompt2,1.0,14.5697
presto,8d7f587,gemini,prompt2,2.0,0.9953
presto,8d7f587,gemini,prompt2,3.0,15.3355
presto,8d7f587,gemini,prompt3,1.0,0.9611
presto,8d7f587,gemini,prompt3,2.0,0.9744
presto,8d7f587,gemini,prompt3,3.0,14.9269
presto,8d7f587,gemini,prompt4,1.0,15.2936
presto,8d7f587,gemini,prompt4,2.0,14.8081
presto,8d7f587,gemini,prompt4,3.0,0.9918
presto,8d7f587,gpt,prompt2,1.0,15.2358
presto,8d7f587,gpt,prompt3,1.0,0.9994
presto,8d7f587,gpt,prompt4,1.0,14.6301
presto,8d7f587,gpt,prompt4,3.0,14.8867
presto,9e010a7,developer,N/A,N/A,1.8010
presto,9e010a7,gemini,prompt1,1.0,1.0416
presto,9e010a7,gemini,prompt1,2.0,0.9261
presto,9e010a7,gemini,prompt1,3.0,0.9836
presto,9e010a7,gemini,prompt2,1.0,0.8525
presto,9e010a7,gemini,prompt2,2.0,0.8657
presto,9e010a7,gemini,prompt2,3.0,0.8675
presto,9e010a7,gemini,prompt3,1.0,0.9562
presto,9e010a7,gemini,prompt3,2.0,0.8743
presto,9e010a7,gemini,prompt3,3.0,0.9248
presto,9e010a7,gemini,prompt4,1.0,0.8749
presto,9e010a7,gemini,prompt4,2.0,0.8885
presto,9e010a7,gemini,prompt4,3.0,0.8701
presto,9e010a7,gpt,prompt1,1.0,0.9859
presto,9e010a7,gpt,prompt1,2.0,1.0010
presto,9e010a7,gpt,prompt1,3.0,0.9171
presto,9e010a7,gpt,prompt2,1.0,0.9976
presto,9e010a7,gpt,prompt2,3.0,0.9589
presto,9e010a7,gpt,prompt3,2.0,1.0039
presto,9e010a7,gpt,prompt3,3.0,0.9578
presto,9e010a7,gpt,prompt4,1.0,0.9941
presto,9e010a7,gpt,prompt4,2.0,0.9606
presto,9e010a7,gpt,prompt4,3.0,0.9555
presto,a26f440,developer,N/A,N/A,2.1501
presto,a26f440,gemini,prompt1,1.0,1.1056
presto,a26f440,gemini,prompt1,2.0,1.1129
presto,a26f440,gemini,prompt1,3.0,1.1340
presto,a26f440,gemini,prompt2,1.0,0.9824
presto,a26f440,gemini,prompt2,2.0,0.7487
presto,a26f440,gemini,prompt2,3.0,0.9790
presto,a26f440,gemini,prompt3,1.0,1.1095
presto,a26f440,gemini,prompt3,2.0,1.0408
presto,a26f440,gemini,prompt3,3.0,0.9215
presto,a26f440,gemini,prompt4,1.0,0.7649
presto,a26f440,gemini,prompt4,2.0,1.2409
presto,a26f440,gemini,prompt4,3.0,0.9642
presto,a26f440,gpt,prompt1,1.0,0.4483
presto,a26f440,gpt,prompt1,2.0,1.0750
presto,a26f440,gpt,prompt1,3.0,1.0973
presto,a26f440,gpt,prompt2,1.0,0.9876
presto,a26f440,gpt,prompt2,3.0,1.0827
presto,a26f440,gpt,prompt3,1.0,1.1057
presto,a26f440,gpt,prompt3,3.0,0.7168
presto,aed4c9a,developer,N/A,N/A,1.2705
presto,b54d248,developer,N/A,N/A,1.1333
presto,b54d248,gemini,prompt1,1.0,1.1253
presto,b54d248,gemini,prompt1,2.0,1.1141
presto,b54d248,gemini,prompt1,3.0,1.1149
presto,b54d248,gemini,prompt2,1.0,1.1211
presto,b54d248,gemini,prompt2,2.0,1.1158
presto,b54d248,gemini,prompt2,3.0,1.1169
presto,b54d248,gemini,prompt3,1.0,1.1138
presto,b54d248,gemini,prompt3,2.0,1.1115
presto,b54d248,gemini,prompt3,3.0,1.1165
presto,b54d248,gemini,prompt4,1.0,1.1165
presto,b54d248,gemini,prompt4,2.0,1.0818
presto,b54d248,gemini,prompt4,3.0,1.1118
presto,b54d248,gpt,prompt1,2.0,1.1161
presto,b54d248,gpt,prompt1,3.0,1.1167
presto,b54d248,gpt,prompt2,1.0,1.1166
presto,b54d248,gpt,prompt2,3.0,1.1182
presto,b54d248,gpt,prompt3,1.0,1.1225
presto,b54d248,gpt,prompt3,2.0,1.1164
presto,b54d248,gpt,prompt3,3.0,1.1152
presto,b54d248,gpt,prompt4,2.0,1.1156
presto,b54d248,gpt,prompt4,3.0,1.1274
presto,bfb18d6,developer,N/A,N/A,414.4945
presto,bfb18d6,gemini,prompt1,3.0,1.0280
presto,bfb18d6,gemini,prompt2,1.0,1.0263
presto,bfb18d6,gemini,prompt2,2.0,1.0146
presto,bfb18d6,gemini,prompt2,3.0,1.0136
presto,bfb18d6,gemini,prompt3,1.0,1.0359
presto,bfb18d6,gemini,prompt3,2.0,1.0346
presto,bfb18d6,gemini,prompt3,3.0,1.0132
presto,bfb18d6,gemini,prompt4,2.0,361.6670
presto,bfb18d6,gpt,prompt1,2.0,1.0432
presto,bfb18d6,gpt,prompt1,3.0,1.0328
presto,bfb18d6,gpt,prompt2,1.0,1.0244
presto,bfb18d6,gpt,prompt2,3.0,371.8261
presto,bfb18d6,gpt,prompt3,1.0,375.0693
presto,bfb18d6,gpt,prompt3,2.0,1.0856
presto,bfb18d6,gpt,prompt3,3.0,1.0371
presto,bfb18d6,gpt,prompt4,1.0,7030.8079
presto,bfb18d6,gpt,prompt4,2.0,373.3053
presto,bfb18d6,gpt,prompt4,3.0,1.0479
presto,c3cb7a9,developer,N/A,N/A,1.0813
presto,c3cb7a9,gemini,prompt1,2.0,1.0087
presto,c3cb7a9,gemini,prompt1,3.0,1.0066
presto,c3cb7a9,gemini,prompt2,1.0,0.9984
presto,c3cb7a9,gemini,prompt2,2.0,1.0002
presto,c3cb7a9,gemini,prompt2,3.0,1.0810
presto,c3cb7a9,gemini,prompt3,2.0,1.0784
presto,c3cb7a9,gemini,prompt3,3.0,1.0214
presto,c3cb7a9,gemini,prompt4,1.0,1.0083
presto,c3cb7a9,gemini,prompt4,2.0,1.0732
presto,c3cb7a9,gemini,prompt4,3.0,0.9944
presto,c3cb7a9,gpt,prompt1,1.0,1.0016
presto,c3cb7a9,gpt,prompt1,2.0,1.0005
presto,c3cb7a9,gpt,prompt1,3.0,0.9998
presto,c3cb7a9,gpt,prompt2,1.0,1.0429
presto,c3cb7a9,gpt,prompt2,2.0,1.0463
presto,c3cb7a9,gpt,prompt2,3.0,1.0919
presto,c3cb7a9,gpt,prompt3,1.0,1.0200
presto,c3cb7a9,gpt,prompt3,2.0,1.0065
presto,c3cb7a9,gpt,prompt3,3.0,1.0074
presto,c3cb7a9,gpt,prompt4,1.0,1.0215
presto,c3cb7a9,gpt,prompt4,2.0,1.0708
presto,c3cb7a9,gpt,prompt4,3.0,1.0934
presto,ee74e4b,developer,N/A,N/A,38.4754
presto,ee74e4b,gemini,prompt1,2.0,0.9990
presto,ee74e4b,gemini,prompt1,3.0,0.9948
presto,ee74e4b,gemini,prompt2,1.0,1.0001
presto,ee74e4b,gemini,prompt2,3.0,1.0015
presto,ee74e4b,gemini,prompt3,2.0,0.9996
presto,ee74e4b,gemini,prompt3,3.0,0.9953
presto,ee74e4b,gpt,prompt1,1.0,1.0021
presto,ee74e4b,gpt,prompt1,2.0,1.0010
presto,ee74e4b,gpt,prompt1,3.0,1.0013
presto,ee74e4b,gpt,prompt3,2.0,0.9962
presto,ee74e4b,gpt,prompt3,3.0,0.9945
presto,ee74e4b,gpt,prompt4,1.0,1.0014
presto,ee74e4b,gpt,prompt4,3.0,0.9976
presto,efd0834,developer,N/A,N/A,1.1176
presto,efd0834,gemini,prompt2,1.0,1.0458
presto,efd0834,gemini,prompt2,2.0,1.0598
presto,efd0834,gemini,prompt2,3.0,1.0496
presto,efd0834,gemini,prompt4,1.0,1.0206
presto,efd0834,gemini,prompt4,2.0,1.0434
presto,efd0834,gemini,prompt4,3.0,1.0423
presto,efd0834,gpt,prompt2,1.0,1.0553
presto,efd0834,gpt,prompt2,2.0,1.0516
presto,efd0834,gpt,prompt2,3.0,1.0432
presto,efd0834,gpt,prompt4,2.0,1.0605
presto,efd0834,gpt,prompt4,3.0,1.0567
