project,hash_value,model,prompt,trial,final_score,classification
presto,60a5a5c,deepseek-v3,prompt1,1,,Strategy Divergence
presto,60a5a5c,deepseek-v3,prompt2,1,,Strategy Alignment
presto,60a5a5c,deepseek-v3,prompt4,1,,Strategy Alignment
presto,659c3ee,deepseek-v3,prompt1,1,1.0644,Strategy Divergence
presto,659c3ee,deepseek-v3,prompt3,1,1.0573,Strategy Divergence
presto,659c3ee,deepseek-v3,prompt2,1,0.986,Strategy Alignment
presto,659c3ee,deepseek-v3,prompt4,1,1.0094,Strategy Alignment
presto,239f726,deepseek-v3,prompt1,1,1.006,Strategy Divergence
presto,239f726,deepseek-v3,prompt2,1,1.0852,Strategy Match
presto,6908344,deepseek-v3,prompt1,1,,Strategy Divergence
presto,6908344,deepseek-v3,prompt3,1,,Strategy Divergence
presto,6908344,deepseek-v3,prompt4,1,,Strategy Alignment
presto,bfb18d6,deepseek-v3,prompt1,1,1.011,Strategy Divergence
presto,bfb18d6,deepseek-v3,prompt3,1,1.0128,Strategy Divergence
presto,bfb18d6,deepseek-v3,prompt4,1,1.0235,Strategy Divergence
presto,4e71bf3,deepseek-v3,prompt1,1,0.9407,Strategy Divergence
presto,4e71bf3,deepseek-v3,prompt3,1,0.9794,Strategy Divergence
presto,4e71bf3,deepseek-v3,prompt2,1,0.985,Strategy Alignment
presto,4e71bf3,deepseek-v3,prompt4,1,1.9154,Strategy Match
presto,3f63ade,deepseek-v3,prompt1,1,,Strategy Alignment
presto,3f63ade,deepseek-v3,prompt3,1,,Strategy Alignment
presto,3f63ade,deepseek-v3,prompt2,1,,Strategy Match
presto,3f63ade,deepseek-v3,prompt4,1,,Strategy Match
presto,46d219f,deepseek-v3,prompt1,1,,Strategy Alignment
presto,46d219f,deepseek-v3,prompt3,1,,Strategy Alignment
presto,46d219f,deepseek-v3,prompt2,1,,Strategy Match
presto,46d219f,deepseek-v3,prompt4,1,,Strategy Match
presto,c3cb7a9,deepseek-v3,prompt1,1,0.9587,Strategy Alignment
presto,c3cb7a9,deepseek-v3,prompt3,1,0.9907,Strategy Alignment
presto,c3cb7a9,deepseek-v3,prompt2,1,0.9897,Strategy Alignment
presto,c3cb7a9,deepseek-v3,prompt4,1,0.9763,Strategy Alignment
presto,53aa7f6,deepseek-v3,prompt1,1,0.9827,Strategy Match
presto,53aa7f6,deepseek-v3,prompt3,1,0.9988,Strategy Alignment
presto,53aa7f6,deepseek-v3,prompt2,1,0.954,Strategy Match
presto,53aa7f6,deepseek-v3,prompt4,1,1.0004,Strategy Match
presto,297b089,deepseek-v3,prompt1,1,,Strategy Divergence
presto,297b089,deepseek-v3,prompt3,1,0.9967,Strategy Divergence
presto,297b089,deepseek-v3,prompt2,1,,Strategy Divergence
presto,297b089,deepseek-v3,prompt4,1,1.0785,Strategy Divergence
presto,9e010a7,deepseek-v3,prompt1,1,0.5916,Strategy Divergence
presto,9e010a7,deepseek-v3,prompt3,1,0.5847,Strategy Alignment
presto,9e010a7,deepseek-v3,prompt2,1,0.9335,Strategy Alignment
presto,9e010a7,deepseek-v3,prompt4,1,0.9232,Strategy Alignment
presto,3a4f2e3,deepseek-v3,prompt1,1,1.006,Strategy Divergence
presto,3a4f2e3,deepseek-v3,prompt3,1,0.9967,Strategy Divergence
presto,3a4f2e3,deepseek-v3,prompt2,1,1.0852,Strategy Alignment
presto,3a4f2e3,deepseek-v3,prompt4,1,1.0785,Strategy Alignment
presto,a26f440,deepseek-v3,prompt1,1,0.9629,Strategy Divergence
presto,a26f440,deepseek-v3,prompt3,1,0.963,Strategy Divergence
presto,a26f440,deepseek-v3,prompt2,1,0.9624,Strategy Alignment
presto,000fa29,deepseek-v3,prompt1,1,,Strategy Divergence
presto,000fa29,deepseek-v3,prompt3,1,,Strategy Divergence
presto,000fa29,deepseek-v3,prompt2,1,,Strategy Alignment
presto,b54d248,deepseek-v3,prompt1,1,,Strategy Alignment
presto,b54d248,deepseek-v3,prompt3,1,,Strategy Alignment
presto,b54d248,deepseek-v3,prompt2,1,,Strategy Alignment
presto,b54d248,deepseek-v3,prompt4,1,,Strategy Alignment
presto,20dcaed,deepseek-v3,prompt1,1,,Strategy Match
presto,20dcaed,deepseek-v3,prompt2,1,,Strategy Match
presto,20dcaed,deepseek-v3,prompt4,1,2103.9106,Strategy Match
presto,ee74e4b,deepseek-v3,prompt1,1,0.9918,Strategy Divergence
presto,ee74e4b,deepseek-v3,prompt3,1,0.9988,Strategy Divergence
presto,ee74e4b,deepseek-v3,prompt2,1,0.9951,Strategy Alignment
presto,ee74e4b,deepseek-v3,prompt4,1,0.9827,Strategy Divergence
presto,8d7f587,deepseek-v3,prompt2,1,,Strategy Match
presto,8d7f587,deepseek-v3,prompt4,1,,Strategy Alignment
presto,efd0834,deepseek-r1,prompt2,1,,Strategy Alignment
presto,efd0834,deepseek-r1,prompt4,1,,Strategy Alignment
presto,60a5a5c,deepseek-r1,prompt1,1,,Strategy Divergence
presto,60a5a5c,deepseek-r1,prompt3,1,,Strategy Divergence
presto,60a5a5c,deepseek-r1,prompt2,1,,Strategy Alignment
presto,60a5a5c,deepseek-r1,prompt4,1,,Strategy Alignment
presto,659c3ee,deepseek-r1,prompt1,1,1.0524,Strategy Divergence
presto,659c3ee,deepseek-r1,prompt3,1,1.0457,Strategy Divergence
presto,659c3ee,deepseek-r1,prompt2,1,0.9936,Strategy Alignment
presto,659c3ee,deepseek-r1,prompt4,1,1.0686,Strategy Match
presto,239f726,deepseek-r1,prompt1,1,,Strategy Divergence
presto,239f726,deepseek-r1,prompt2,1,1060.245,Strategy Match
presto,6908344,deepseek-r1,prompt1,1,,Strategy Divergence
presto,6908344,deepseek-r1,prompt4,1,,Strategy Alignment
presto,bfb18d6,deepseek-r1,prompt1,1,1.0305,Strategy Divergence
presto,bfb18d6,deepseek-r1,prompt3,1,1.0274,Strategy Alignment
presto,bfb18d6,deepseek-r1,prompt2,1,1.0355,Strategy Divergence
presto,4e71bf3,deepseek-r1,prompt1,1,1.1885,Strategy Alignment
presto,4e71bf3,deepseek-r1,prompt3,1,1.0175,Strategy Divergence
presto,4e71bf3,deepseek-r1,prompt2,1,,Strategy Match
presto,4e71bf3,deepseek-r1,prompt4,1,1.9445,Strategy Match
presto,3f63ade,deepseek-r1,prompt1,1,,Strategy Divergence
presto,3f63ade,deepseek-r1,prompt3,1,,Strategy Divergence
presto,3f63ade,deepseek-r1,prompt2,1,,Strategy Match
presto,3f63ade,deepseek-r1,prompt4,1,,Strategy Match
presto,46d219f,deepseek-r1,prompt1,1,,Strategy Divergence
presto,46d219f,deepseek-r1,prompt3,1,,Strategy Divergence
presto,46d219f,deepseek-r1,prompt2,1,,Strategy Match
presto,46d219f,deepseek-r1,prompt4,1,,Strategy Match
presto,c3cb7a9,deepseek-r1,prompt1,1,0.9641,Strategy Alignment
presto,c3cb7a9,deepseek-r1,prompt3,1,0.9924,Strategy Alignment
presto,c3cb7a9,deepseek-r1,prompt2,1,1.0881,Strategy Alignment
presto,c3cb7a9,deepseek-r1,prompt4,1,0.9843,Strategy Alignment
presto,53aa7f6,deepseek-r1,prompt1,1,1.0007,Strategy Alignment
presto,53aa7f6,deepseek-r1,prompt3,1,1.0035,Strategy Alignment
presto,53aa7f6,deepseek-r1,prompt2,1,1.0053,Strategy Match
presto,53aa7f6,deepseek-r1,prompt4,1,0.993,Strategy Match
presto,297b089,deepseek-r1,prompt1,1,,Strategy Divergence
presto,297b089,deepseek-r1,prompt3,1,,Strategy Divergence
presto,297b089,deepseek-r1,prompt2,1,1.0489,Strategy Divergence
presto,297b089,deepseek-r1,prompt4,1,1.0677,Strategy Divergence
presto,9e010a7,deepseek-r1,prompt1,1,0.896,Strategy Divergence
presto,9e010a7,deepseek-r1,prompt3,1,0.8375,Strategy Alignment
presto,9e010a7,deepseek-r1,prompt2,1,0.9424,Strategy Alignment
presto,9e010a7,deepseek-r1,prompt4,1,0.8708,Strategy Alignment
presto,3a4f2e3,deepseek-r1,prompt1,1,1.2103,Strategy Divergence
presto,3a4f2e3,deepseek-r1,prompt3,1,1.0248,Strategy Divergence
presto,3a4f2e3,deepseek-r1,prompt2,1,1.0489,Strategy Alignment
presto,3a4f2e3,deepseek-r1,prompt4,1,1.0677,Strategy Alignment
presto,a26f440,deepseek-r1,prompt1,1,0.9605,Strategy Divergence
presto,a26f440,deepseek-r1,prompt3,1,0.9629,Strategy Divergence
presto,a26f440,deepseek-r1,prompt4,1,0.946,Strategy Alignment
presto,000fa29,deepseek-r1,prompt1,1,,Strategy Divergence
presto,000fa29,deepseek-r1,prompt2,1,,Strategy Alignment
presto,000fa29,deepseek-r1,prompt4,1,,Strategy Match
presto,b54d248,deepseek-r1,prompt1,1,1.2062,Strategy Alignment
presto,b54d248,deepseek-r1,prompt3,1,1.2297,Strategy Alignment
presto,b54d248,deepseek-r1,prompt2,1,1.0911,Strategy Alignment
presto,b54d248,deepseek-r1,prompt4,1,,Strategy Alignment
presto,20dcaed,deepseek-r1,prompt3,1,,Strategy Match
presto,20dcaed,deepseek-r1,prompt2,1,2113.3805,Strategy Match
presto,20dcaed,deepseek-r1,prompt4,1,,Strategy Match
presto,ee74e4b,deepseek-r1,prompt3,1,0.995,Strategy Divergence
presto,ee74e4b,deepseek-r1,prompt2,1,0.9929,Strategy Alignment
presto,ee74e4b,deepseek-r1,prompt4,1,0.9949,Strategy Alignment
presto,8d7f587,deepseek-r1,prompt3,1,,Strategy Match
presto,8d7f587,deepseek-r1,prompt4,1,,Strategy Alignment
netty,dd69a81,deepseek-v3,prompt1,1,,Strategy Alignment
netty,dd69a81,deepseek-v3,prompt3,1,,Strategy Alignment
netty,dd69a81,deepseek-v3,prompt2,1,,Strategy Alignment
netty,dd69a81,deepseek-v3,prompt4,1,,Strategy Alignment
netty,b72fea3,deepseek-v3,prompt1,1,,Strategy Divergence
netty,b72fea3,deepseek-v3,prompt3,1,,Strategy Alignment
netty,b72fea3,deepseek-v3,prompt2,1,,Strategy Alignment
netty,b72fea3,deepseek-v3,prompt4,1,,Strategy Alignment
netty,5a9b28a,deepseek-v3,prompt1,1,0.4262,Strategy Divergence
netty,5a9b28a,deepseek-v3,prompt3,1,0.4898,Strategy Divergence
netty,5a9b28a,deepseek-v3,prompt2,1,0.3274,Strategy Alignment
netty,5a9b28a,deepseek-v3,prompt4,1,0.3475,Strategy Alignment
netty,95b8db0,deepseek-v3,prompt1,1,,Strategy Divergence
netty,95b8db0,deepseek-v3,prompt2,1,,Strategy Match
netty,95b8db0,deepseek-v3,prompt4,1,,Strategy Alignment
netty,9abeaf1,deepseek-v3,prompt1,1,,Strategy Divergence
netty,9abeaf1,deepseek-v3,prompt3,1,,Strategy Divergence
netty,9abeaf1,deepseek-v3,prompt2,1,,Strategy Divergence
netty,9abeaf1,deepseek-v3,prompt4,1,,Strategy Alignment
netty,2ed95c9,deepseek-v3,prompt1,1,0.9974,Strategy Alignment
netty,2ed95c9,deepseek-v3,prompt3,1,2.0326,Strategy Alignment
netty,87ec2f8,deepseek-v3,prompt1,1,1.1278,Strategy Divergence
netty,87ec2f8,deepseek-v3,prompt2,1,1.1291,Strategy Alignment
netty,87ec2f8,deepseek-v3,prompt4,1,1.1398,Strategy Alignment
netty,b2eaab0,deepseek-v3,prompt1,1,1.0428,Strategy Divergence
netty,b2eaab0,deepseek-v3,prompt3,1,1.0467,Strategy Alignment
netty,b2eaab0,deepseek-v3,prompt2,1,1.0429,Strategy Alignment
netty,b2eaab0,deepseek-v3,prompt4,1,1.0414,Strategy Alignment
netty,83a19d5,deepseek-v3,prompt1,1,0.6937,Strategy Divergence
netty,83a19d5,deepseek-v3,prompt3,1,0.5997,Strategy Alignment
netty,83a19d5,deepseek-v3,prompt2,1,0.6382,Strategy Alignment
netty,83a19d5,deepseek-v3,prompt4,1,0.6407,Strategy Alignment
netty,deea51e,deepseek-v3,prompt1,1,,Strategy Divergence
netty,deea51e,deepseek-v3,prompt3,1,,Strategy Divergence
netty,deea51e,deepseek-v3,prompt2,1,,Strategy Alignment
netty,deea51e,deepseek-v3,prompt4,1,,Strategy Alignment
netty,2791f0f,deepseek-v3,prompt1,1,0.62,Strategy Divergence
netty,2791f0f,deepseek-v3,prompt3,1,1.1906,Strategy Divergence
netty,2791f0f,deepseek-v3,prompt2,1,,Strategy Match
netty,2791f0f,deepseek-v3,prompt4,1,1.3947,Strategy Alignment
netty,67d3a78,deepseek-v3,prompt1,1,1.0396,Strategy Divergence
netty,67d3a78,deepseek-v3,prompt3,1,1.0518,Strategy Divergence
netty,67d3a78,deepseek-v3,prompt2,1,1.276,Strategy Alignment
netty,67d3a78,deepseek-v3,prompt4,1,1.1829,Strategy Alignment
netty,e542a2c,deepseek-v3,prompt1,1,,Strategy Divergence
netty,e542a2c,deepseek-v3,prompt3,1,,Strategy Divergence
netty,e542a2c,deepseek-v3,prompt2,1,,Strategy Match
netty,e542a2c,deepseek-v3,prompt4,1,,Strategy Alignment
netty,8a8337e,deepseek-v3,prompt1,1,1.0637,Strategy Divergence
netty,8a8337e,deepseek-v3,prompt3,1,1.0625,Strategy Divergence
netty,8a8337e,deepseek-v3,prompt2,1,1.2783,Strategy Alignment
netty,8a8337e,deepseek-v3,prompt4,1,1.2681,Strategy Alignment
netty,feb804d,deepseek-v3,prompt1,1,,Strategy Divergence
netty,feb804d,deepseek-v3,prompt3,1,1.0459,Strategy Alignment
netty,feb804d,deepseek-v3,prompt2,1,1.0748,Strategy Alignment
netty,feb804d,deepseek-v3,prompt4,1,1.0855,Strategy Alignment
netty,687308b,deepseek-v3,prompt1,1,,Strategy Divergence
netty,687308b,deepseek-v3,prompt3,1,,Strategy Alignment
netty,687308b,deepseek-v3,prompt2,1,,Strategy Alignment
netty,687308b,deepseek-v3,prompt4,1,,Strategy Alignment
netty,dd69a81,deepseek-r1,prompt1,1,,Strategy Alignment
netty,dd69a81,deepseek-r1,prompt3,1,,Strategy Alignment
netty,dd69a81,deepseek-r1,prompt2,1,,Strategy Alignment
netty,dd69a81,deepseek-r1,prompt4,1,,Strategy Alignment
netty,b72fea3,deepseek-r1,prompt1,1,,Strategy Alignment
netty,b72fea3,deepseek-r1,prompt3,1,,Strategy Alignment
netty,b72fea3,deepseek-r1,prompt2,1,,Strategy Alignment
netty,b72fea3,deepseek-r1,prompt4,1,,Strategy Alignment
netty,5a9b28a,deepseek-r1,prompt1,1,0.3813,Strategy Divergence
netty,5a9b28a,deepseek-r1,prompt3,1,0.5807,Strategy Divergence
netty,5a9b28a,deepseek-r1,prompt2,1,0.3371,Strategy Alignment
netty,5a9b28a,deepseek-r1,prompt4,1,0.8002,Strategy Alignment
netty,95b8db0,deepseek-r1,prompt1,1,,Strategy Alignment
netty,95b8db0,deepseek-r1,prompt3,1,,Strategy Alignment
netty,95b8db0,deepseek-r1,prompt2,1,,Strategy Alignment
netty,95b8db0,deepseek-r1,prompt4,1,,Strategy Alignment
netty,9abeaf1,deepseek-r1,prompt1,1,,Strategy Divergence
netty,9abeaf1,deepseek-r1,prompt3,1,,Strategy Divergence
netty,9abeaf1,deepseek-r1,prompt2,1,,Strategy Alignment
netty,9abeaf1,deepseek-r1,prompt4,1,,Strategy Alignment
netty,2ed95c9,deepseek-r1,prompt1,1,0.989,Strategy Alignment
netty,2ed95c9,deepseek-r1,prompt3,1,,Strategy Alignment
netty,2ed95c9,deepseek-r1,prompt2,1,2.9227,Strategy Alignment
netty,2ed95c9,deepseek-r1,prompt4,1,,Strategy Alignment
netty,87ec2f8,deepseek-r1,prompt3,1,,Strategy Divergence
netty,87ec2f8,deepseek-r1,prompt2,1,1.1071,Strategy Alignment
netty,87ec2f8,deepseek-r1,prompt4,1,2.4611,Strategy Alignment
netty,b2eaab0,deepseek-r1,prompt1,1,1.034,Strategy Divergence
netty,b2eaab0,deepseek-r1,prompt3,1,1.1025,Strategy Alignment
netty,b2eaab0,deepseek-r1,prompt2,1,1.047,Strategy Divergence
netty,b2eaab0,deepseek-r1,prompt4,1,1.0442,Strategy Alignment
netty,83a19d5,deepseek-r1,prompt1,1,1.2773,Strategy Alignment
netty,83a19d5,deepseek-r1,prompt3,1,1.6142,Strategy Alignment
netty,83a19d5,deepseek-r1,prompt2,1,1.5886,Strategy Alignment
netty,83a19d5,deepseek-r1,prompt4,1,1.753,Strategy Match
netty,deea51e,deepseek-r1,prompt1,1,1.0901,Strategy Divergence
netty,deea51e,deepseek-r1,prompt3,1,1.2024,Strategy Divergence
netty,deea51e,deepseek-r1,prompt2,1,1.1001,Strategy Alignment
netty,deea51e,deepseek-r1,prompt4,1,,Strategy Alignment
netty,2791f0f,deepseek-r1,prompt1,1,,Strategy Divergence
netty,2791f0f,deepseek-r1,prompt3,1,,Strategy Divergence
netty,2791f0f,deepseek-r1,prompt2,1,1.1771,Strategy Match
netty,2791f0f,deepseek-r1,prompt4,1,1.4697,Strategy Match
netty,67d3a78,deepseek-r1,prompt1,1,,Strategy Alignment
netty,67d3a78,deepseek-r1,prompt3,1,0.9142,Strategy Divergence
netty,67d3a78,deepseek-r1,prompt2,1,1.2769,Strategy Alignment
netty,67d3a78,deepseek-r1,prompt4,1,1.2512,Strategy Alignment
netty,e542a2c,deepseek-r1,prompt1,1,,Strategy Divergence
netty,e542a2c,deepseek-r1,prompt3,1,,Strategy Divergence
netty,e542a2c,deepseek-r1,prompt2,1,,Strategy Alignment
netty,e542a2c,deepseek-r1,prompt4,1,,Strategy Match
netty,8a8337e,deepseek-r1,prompt1,1,1.042,Strategy Divergence
netty,8a8337e,deepseek-r1,prompt3,1,1.1373,Strategy Divergence
netty,8a8337e,deepseek-r1,prompt2,1,1.304,Strategy Alignment
netty,8a8337e,deepseek-r1,prompt4,1,1.2083,Strategy Match
netty,feb804d,deepseek-r1,prompt1,1,1.0721,Strategy Divergence
netty,feb804d,deepseek-r1,prompt3,1,,Strategy Divergence
netty,feb804d,deepseek-r1,prompt2,1,1.0521,Strategy Match
netty,feb804d,deepseek-r1,prompt4,1,1.0873,Strategy Alignment
netty,687308b,deepseek-r1,prompt1,1,,Strategy Alignment
netty,687308b,deepseek-r1,prompt3,1,,Strategy Alignment
netty,687308b,deepseek-r1,prompt2,1,,Strategy Alignment
netty,687308b,deepseek-r1,prompt4,1,,Strategy Alignment
kafka,c05403f,deepseek-v3,prompt3,1,1.2322,Strategy Match
kafka,c05403f,deepseek-v3,prompt4,1,1.2457,Strategy Match
kafka,e2e2c62,deepseek-v3,prompt1,1,,Strategy Alignment
kafka,e2e2c62,deepseek-v3,prompt2,1,1.528,Strategy Alignment
kafka,e2e2c62,deepseek-v3,prompt4,1,4.3772,Strategy Alignment
kafka,b36e3c2,deepseek-v3,prompt1,1,,Strategy Alignment
kafka,b36e3c2,deepseek-v3,prompt3,1,,Strategy Match
kafka,b36e3c2,deepseek-v3,prompt2,1,,Strategy Match
kafka,b36e3c2,deepseek-v3,prompt4,1,,Strategy Match
kafka,4fa5bdc,deepseek-v3,prompt1,1,1.0447,Strategy Alignment
kafka,4fa5bdc,deepseek-v3,prompt3,1,3.6797,Strategy Divergence
kafka,4fa5bdc,deepseek-v3,prompt2,1,1.089,Strategy Alignment
kafka,4fa5bdc,deepseek-v3,prompt4,1,3.8305,Strategy Alignment
kafka,b25c96a,deepseek-v3,prompt3,1,1986.7782,Strategy Alignment
kafka,b25c96a,deepseek-v3,prompt2,1,1991.6358,Strategy Alignment
kafka,b25c96a,deepseek-v3,prompt4,1,2019.2085,Strategy Alignment
kafka,e3ccf20,deepseek-v3,prompt1,1,0.9807,Strategy Alignment
kafka,e3ccf20,deepseek-v3,prompt2,1,1.9639,Strategy Alignment
kafka,e3ccf20,deepseek-v3,prompt4,1,2.5877,Strategy Alignment
kafka,922a95a,deepseek-v3,prompt4,1,1.3729,Strategy Alignment
kafka,8dff0b1,deepseek-v3,prompt1,1,,Strategy Divergence
kafka,8dff0b1,deepseek-v3,prompt3,1,,Strategy Divergence
kafka,8dff0b1,deepseek-v3,prompt2,1,,Strategy Alignment
kafka,8dff0b1,deepseek-v3,prompt4,1,,Strategy Alignment
kafka,eb24ed8,deepseek-v3,prompt1,1,,Strategy Divergence
kafka,eb24ed8,deepseek-v3,prompt3,1,,Strategy Divergence
kafka,eb24ed8,deepseek-v3,prompt2,1,,Strategy Match
kafka,eb24ed8,deepseek-v3,prompt4,1,,Strategy Match
kafka,aecd47b,deepseek-v3,prompt1,1,2.1735,Strategy Alignment
kafka,aecd47b,deepseek-v3,prompt3,1,2.2666,Strategy Alignment
kafka,aecd47b,deepseek-v3,prompt2,1,1.0549,Strategy Match
kafka,9bb2f78,deepseek-v3,prompt1,1,673.3194,Strategy Alignment
kafka,9bb2f78,deepseek-v3,prompt3,1,0.9938,Strategy Match
kafka,9bb2f78,deepseek-v3,prompt2,1,539.9747,Strategy Match
kafka,9bb2f78,deepseek-v3,prompt4,1,0.9995,Strategy Match
kafka,c05403f,deepseek-r1,prompt1,1,1.3021,Strategy Alignment
kafka,c05403f,deepseek-r1,prompt3,1,1.2336,Strategy Match
kafka,c05403f,deepseek-r1,prompt2,1,1.2922,Strategy Alignment
kafka,c05403f,deepseek-r1,prompt4,1,1.5364,Strategy Alignment
kafka,e2e2c62,deepseek-r1,prompt3,1,0.9691,Strategy Alignment
kafka,b36e3c2,deepseek-r1,prompt1,1,,Strategy Match
kafka,b36e3c2,deepseek-r1,prompt3,1,,Strategy Match
kafka,b36e3c2,deepseek-r1,prompt2,1,,Strategy Match
kafka,b36e3c2,deepseek-r1,prompt4,1,,Strategy Match
kafka,4fa5bdc,deepseek-r1,prompt1,1,1.1048,Strategy Divergence
kafka,4fa5bdc,deepseek-r1,prompt2,1,1.0262,Strategy Alignment
kafka,4fa5bdc,deepseek-r1,prompt4,1,1.0533,Strategy Alignment
kafka,b25c96a,deepseek-r1,prompt3,1,1932.4846,Strategy Alignment
kafka,b25c96a,deepseek-r1,prompt2,1,1946.3294,Strategy Alignment
kafka,b25c96a,deepseek-r1,prompt4,1,1918.9942,Strategy Alignment
kafka,e3ccf20,deepseek-r1,prompt2,1,0.385,Strategy Alignment
kafka,e3ccf20,deepseek-r1,prompt4,1,1.9147,Strategy Alignment
kafka,922a95a,deepseek-r1,prompt4,1,1.2014,Strategy Alignment
kafka,8dff0b1,deepseek-r1,prompt3,1,,Strategy Divergence
kafka,8dff0b1,deepseek-r1,prompt2,1,,Strategy Match
kafka,8dff0b1,deepseek-r1,prompt4,1,,Strategy Alignment
kafka,eb24ed8,deepseek-r1,prompt1,1,,Strategy Divergence
kafka,eb24ed8,deepseek-r1,prompt3,1,,Strategy Divergence
kafka,eb24ed8,deepseek-r1,prompt2,1,,Strategy Match
kafka,eb24ed8,deepseek-r1,prompt4,1,,Strategy Match
kafka,aecd47b,deepseek-r1,prompt1,1,2.5783,Strategy Alignment
kafka,aecd47b,deepseek-r1,prompt3,1,2.4294,Strategy Alignment
kafka,aecd47b,deepseek-r1,prompt2,1,1.0542,Strategy Alignment
kafka,aecd47b,deepseek-r1,prompt4,1,1.0518,Strategy Alignment
kafka,9bb2f78,deepseek-r1,prompt1,1,534.6096,Strategy Match
kafka,9bb2f78,deepseek-r1,prompt3,1,663.9081,Strategy Match
kafka,9bb2f78,deepseek-r1,prompt2,1,664.91,Strategy Match
kafka,9bb2f78,deepseek-r1,prompt4,1,634.2066,Strategy Match
RoaringBitmap,1de6825,deepseek-v3,prompt3,1,1.1057,Strategy Match
RoaringBitmap,abdd6ff,deepseek-v3,prompt1,1,1.0018,Strategy Divergence
RoaringBitmap,abdd6ff,deepseek-v3,prompt3,1,1.0144,Strategy Alignment
RoaringBitmap,abdd6ff,deepseek-v3,prompt2,1,1.1518,Strategy Alignment
RoaringBitmap,abdd6ff,deepseek-v3,prompt4,1,0.9928,Strategy Alignment
RoaringBitmap,34bce1b,deepseek-v3,prompt3,1,1.1651,Strategy Alignment
RoaringBitmap,34bce1b,deepseek-v3,prompt2,1,5.0102,Strategy Alignment
RoaringBitmap,34bce1b,deepseek-v3,prompt4,1,1.1598,Strategy Alignment
RoaringBitmap,53ba593,deepseek-v3,prompt3,1,1.9091,Strategy Alignment
RoaringBitmap,1de6825,deepseek-r1,prompt3,1,1.1106,Strategy Divergence
RoaringBitmap,abdd6ff,deepseek-r1,prompt1,1,1.1727,Strategy Alignment
RoaringBitmap,abdd6ff,deepseek-r1,prompt3,1,1.0645,Strategy Alignment
RoaringBitmap,abdd6ff,deepseek-r1,prompt2,1,0.9865,Strategy Alignment
RoaringBitmap,abdd6ff,deepseek-r1,prompt4,1,1.0656,Strategy Alignment
RoaringBitmap,34bce1b,deepseek-r1,prompt1,1,1.7152,Strategy Alignment
RoaringBitmap,34bce1b,deepseek-r1,prompt3,1,4.2786,Strategy Match
RoaringBitmap,34bce1b,deepseek-r1,prompt2,1,5.1599,Strategy Alignment
RoaringBitmap,34bce1b,deepseek-r1,prompt4,1,2.388,Strategy Alignment
RoaringBitmap,53ba593,deepseek-r1,prompt1,1,1.0036,Strategy Divergence
RoaringBitmap,53ba593,deepseek-r1,prompt3,1,1.3425,Strategy Alignment
RoaringBitmap,53ba593,deepseek-r1,prompt2,1,1.2277,Strategy Alignment
RoaringBitmap,53ba593,deepseek-r1,prompt4,1,1.4321,Strategy Alignment
presto,efd0834,gpt,prompt2,1,1.1662,Strategy Alignment
presto,60a5a5c,gpt,prompt1,1,,Strategy Divergence
presto,60a5a5c,gpt,prompt2,1,,Strategy Alignment
presto,60a5a5c,gpt,prompt4,1,,Strategy Alignment
presto,659c3ee,gpt,prompt1,1,1.0519,Strategy Divergence
presto,659c3ee,gpt,prompt2,1,1.0052,Strategy Alignment
presto,659c3ee,gpt,prompt4,1,1.0756,Strategy Match
presto,239f726,gpt,prompt1,1,1.0429,Strategy Divergence
presto,239f726,gpt,prompt2,1,1080.3519,Strategy Match
presto,6908344,gpt,prompt3,1,0.9921,Strategy Divergence
presto,6908344,gpt,prompt2,1,2.2377,Strategy Alignment
presto,6908344,gpt,prompt4,1,0.9974,Strategy Match
presto,bfb18d6,gpt,prompt3,1,127801.367,Strategy Alignment
presto,bfb18d6,gpt,prompt2,1,1.0247,Strategy Divergence
presto,bfb18d6,gpt,prompt4,1,103640.3457,Strategy Alignment
presto,4e71bf3,gpt,prompt1,1,0.995,Strategy Divergence
presto,4e71bf3,gpt,prompt2,1,1.1267,Strategy Alignment
presto,4e71bf3,gpt,prompt4,1,1.167,Strategy Alignment
presto,3f63ade,gpt,prompt3,1,8.0073,Strategy Alignment
presto,3f63ade,gpt,prompt2,1,7.3736,Strategy Match
presto,3f63ade,gpt,prompt4,1,7.5767,Strategy Match
presto,46d219f,gpt,prompt1,1,9.7944,Strategy Alignment
presto,46d219f,gpt,prompt3,1,0.9743,Strategy Divergence
presto,46d219f,gpt,prompt2,1,9.9442,Strategy Match
presto,46d219f,gpt,prompt4,1,9.9212,Strategy Match
presto,c3cb7a9,gpt,prompt1,1,1.0095,Strategy Divergence
presto,c3cb7a9,gpt,prompt3,1,1.0207,Strategy Alignment
presto,c3cb7a9,gpt,prompt2,1,1.0759,Strategy Alignment
presto,c3cb7a9,gpt,prompt4,1,1.0333,Strategy Alignment
presto,53aa7f6,gpt,prompt3,1,1.0125,Strategy Divergence
presto,297b089,gpt,prompt2,1,0.9955,Strategy Divergence
presto,297b089,gpt,prompt4,1,0.9988,Strategy Divergence
presto,9e010a7,gpt,prompt1,1,0.9859,Strategy Alignment
presto,9e010a7,gpt,prompt2,1,0.9976,Strategy Alignment
presto,9e010a7,gpt,prompt4,1,0.9941,Strategy Alignment
presto,3a4f2e3,gpt,prompt1,1,1.0272,Strategy Alignment
presto,3a4f2e3,gpt,prompt3,1,1.0006,Strategy Divergence
presto,3a4f2e3,gpt,prompt4,1,1.0834,Strategy Alignment
presto,fa655f6,gpt,prompt1,1,,Strategy Divergence
presto,fa655f6,gpt,prompt3,1,,Strategy Divergence
presto,a26f440,gpt,prompt1,1,0.9915,Strategy Divergence
presto,a26f440,gpt,prompt3,1,0.9964,Strategy Divergence
presto,a26f440,gpt,prompt2,1,0.9916,Strategy Alignment
presto,000fa29,gpt,prompt3,1,,Strategy Divergence
presto,b54d248,gpt,prompt3,1,1.2548,Strategy Alignment
presto,b54d248,gpt,prompt2,1,1.1758,Strategy Alignment
presto,20dcaed,gpt,prompt4,1,2136.7285,Strategy Match
presto,ee74e4b,gpt,prompt1,1,1.008,Strategy Divergence
presto,ee74e4b,gpt,prompt4,1,1.003,Strategy Alignment
presto,8d7f587,gpt,prompt1,1,,Strategy Divergence
presto,8d7f587,gpt,prompt3,1,1.002,Strategy Divergence
presto,8d7f587,gpt,prompt2,1,134.6425,Strategy Alignment
presto,8d7f587,gpt,prompt4,1,131.4298,Strategy Alignment
presto,efd0834,gemini,prompt2,1,0.9971,Strategy Alignment
presto,efd0834,gemini,prompt4,1,1.1491,Strategy Alignment
presto,60a5a5c,gemini,prompt3,1,,Strategy Alignment
presto,60a5a5c,gemini,prompt2,1,,Strategy Alignment
presto,60a5a5c,gemini,prompt4,1,,Strategy Alignment
presto,659c3ee,gemini,prompt1,1,1.0801,Strategy Divergence
presto,659c3ee,gemini,prompt3,1,1.0048,Strategy Divergence
presto,239f726,gemini,prompt3,1,1082.4661,Strategy Alignment
presto,239f726,gemini,prompt2,1,0.9998,Strategy Alignment
presto,239f726,gemini,prompt4,1,1085.5235,Strategy Match
presto,6908344,gemini,prompt1,1,0.9658,Strategy Divergence
presto,6908344,gemini,prompt4,1,2.2246,Strategy Match
presto,bfb18d6,gemini,prompt3,1,1.0343,Strategy Alignment
presto,bfb18d6,gemini,prompt2,1,1.0276,Strategy Divergence
presto,4e71bf3,gemini,prompt1,1,1.7534,Strategy Alignment
presto,4e71bf3,gemini,prompt3,1,1.8331,Strategy Match
presto,4e71bf3,gemini,prompt2,1,2.3083,Strategy Match
presto,4e71bf3,gemini,prompt4,1,2.3182,Strategy Match
presto,3f63ade,gemini,prompt3,1,0.9208,Strategy Alignment
presto,3f63ade,gemini,prompt2,1,7.4733,Strategy Match
presto,3f63ade,gemini,prompt4,1,8.4143,Strategy Match
presto,46d219f,gemini,prompt1,1,0.9719,Strategy Divergence
presto,46d219f,gemini,prompt3,1,1.0096,Strategy Divergence
presto,46d219f,gemini,prompt2,1,10.0348,Strategy Match
presto,46d219f,gemini,prompt4,1,10.0013,Strategy Match
presto,c3cb7a9,gemini,prompt2,1,1.0101,Strategy Alignment
presto,c3cb7a9,gemini,prompt4,1,0.9989,Strategy Alignment
presto,53aa7f6,gemini,prompt1,1,1.0024,Strategy Divergence
presto,53aa7f6,gemini,prompt3,1,1.0004,Strategy Divergence
presto,53aa7f6,gemini,prompt2,1,1.0081,Strategy Match
presto,53aa7f6,gemini,prompt4,1,1.0064,Strategy Match
presto,297b089,gemini,prompt1,1,1.052,Strategy Divergence
presto,297b089,gemini,prompt3,1,1.0611,Strategy Divergence
presto,297b089,gemini,prompt2,1,0.9918,Strategy Divergence
presto,297b089,gemini,prompt4,1,1.0605,Strategy Alignment
presto,9e010a7,gemini,prompt1,1,1.0416,Strategy Alignment
presto,9e010a7,gemini,prompt3,1,0.9562,Strategy Divergence
presto,9e010a7,gemini,prompt2,1,0.8525,Strategy Alignment
presto,9e010a7,gemini,prompt4,1,0.8749,Strategy Alignment
presto,3a4f2e3,gemini,prompt1,1,0.9959,Strategy Divergence
presto,3a4f2e3,gemini,prompt3,1,1.0602,Strategy Alignment
presto,3a4f2e3,gemini,prompt4,1,1.1076,Strategy Alignment
presto,fa655f6,gemini,prompt1,1,,Strategy Divergence
presto,fa655f6,gemini,prompt3,1,,Strategy Divergence
presto,fa655f6,gemini,prompt2,1,,Strategy Match
presto,fa655f6,gemini,prompt4,1,,Strategy Match
presto,a26f440,gemini,prompt1,1,0.9757,Strategy Divergence
presto,a26f440,gemini,prompt3,1,0.995,Strategy Divergence
presto,a26f440,gemini,prompt2,1,1.0014,Strategy Alignment
presto,a26f440,gemini,prompt4,1,0.9928,Strategy Divergence
presto,b54d248,gemini,prompt1,1,1.2019,Strategy Alignment
presto,b54d248,gemini,prompt3,1,1.2555,Strategy Alignment
presto,b54d248,gemini,prompt2,1,1.2602,Strategy Alignment
presto,b54d248,gemini,prompt4,1,1.1873,Strategy Alignment
presto,20dcaed,gemini,prompt1,1,2119.4954,Strategy Alignment
presto,20dcaed,gemini,prompt2,1,2143.7252,Strategy Match
presto,20dcaed,gemini,prompt4,1,2136.7421,Strategy Match
presto,ee74e4b,gemini,prompt2,1,1.005,Strategy Alignment
presto,8d7f587,gemini,prompt3,1,1.0026,Strategy Alignment
presto,8d7f587,gemini,prompt2,1,130.8358,Strategy Match
presto,8d7f587,gemini,prompt4,1,136.892,Strategy Match
presto,efd0834,gpt,prompt2,2,1.1559,Strategy Alignment
presto,efd0834,gpt,prompt4,2,1.1595,Strategy Alignment
presto,60a5a5c,gpt,prompt1,2,,Strategy Divergence
presto,60a5a5c,gpt,prompt3,2,,Strategy Divergence
presto,60a5a5c,gpt,prompt2,2,,Strategy Alignment
presto,60a5a5c,gpt,prompt4,2,,Strategy Match
presto,659c3ee,gpt,prompt1,2,1.0829,Strategy Divergence
presto,659c3ee,gpt,prompt3,2,1.0691,Strategy Divergence
presto,659c3ee,gpt,prompt4,2,1.0814,Strategy Alignment
presto,239f726,gpt,prompt1,2,1.0138,Strategy Divergence
presto,6908344,gpt,prompt1,2,0.9831,Strategy Divergence
presto,bfb18d6,gpt,prompt1,2,1.0092,Strategy Divergence
presto,bfb18d6,gpt,prompt3,2,1.0423,Strategy Divergence
presto,bfb18d6,gpt,prompt4,2,124729.8512,Strategy Alignment
presto,4e71bf3,gpt,prompt2,2,0.9976,Strategy Alignment
presto,4e71bf3,gpt,prompt4,2,1.0333,Strategy Alignment
presto,3f63ade,gpt,prompt2,2,7.4819,Strategy Match
presto,46d219f,gpt,prompt1,2,0.97,Strategy Divergence
presto,46d219f,gpt,prompt3,2,1.0243,Strategy Divergence
presto,46d219f,gpt,prompt2,2,10.0745,Strategy Match
presto,46d219f,gpt,prompt4,2,10.0499,Strategy Match
presto,c3cb7a9,gpt,prompt1,2,1.0162,Strategy Divergence
presto,c3cb7a9,gpt,prompt3,2,1.0132,Strategy Divergence
presto,c3cb7a9,gpt,prompt2,2,1.0673,Strategy Alignment
presto,c3cb7a9,gpt,prompt4,2,1.1036,Strategy Alignment
presto,53aa7f6,gpt,prompt1,2,1.0082,Strategy Alignment
presto,53aa7f6,gpt,prompt3,2,1.0124,Strategy Alignment
presto,297b089,gpt,prompt1,2,1.0264,Strategy Divergence
presto,9e010a7,gpt,prompt1,2,1.001,Strategy Divergence
presto,9e010a7,gpt,prompt3,2,1.0039,Strategy Alignment
presto,9e010a7,gpt,prompt4,2,0.9606,Strategy Alignment
presto,3a4f2e3,gpt,prompt1,2,1.0272,Strategy Alignment
presto,3a4f2e3,gpt,prompt4,2,1.0733,Strategy Alignment
presto,fa655f6,gpt,prompt1,2,,Strategy Divergence
presto,fa655f6,gpt,prompt3,2,,Strategy Divergence
presto,fa655f6,gpt,prompt2,2,,Strategy Alignment
presto,a26f440,gpt,prompt1,2,0.9872,Strategy Divergence
presto,000fa29,gpt,prompt1,2,,Strategy Divergence
presto,000fa29,gpt,prompt3,2,,Strategy Divergence
presto,b54d248,gpt,prompt1,2,1.2594,Strategy Alignment
presto,b54d248,gpt,prompt3,2,1.2232,Strategy Alignment
presto,b54d248,gpt,prompt4,2,1.2514,Strategy Alignment
presto,20dcaed,gpt,prompt4,2,2123.5104,Strategy Match
presto,ee74e4b,gpt,prompt1,2,1.0026,Strategy Divergence
presto,ee74e4b,gpt,prompt3,2,0.995,Strategy Divergence
presto,efd0834,gpt,prompt2,3,0.9897,Strategy Alignment
presto,efd0834,gpt,prompt4,3,1.1562,Strategy Alignment
presto,60a5a5c,gpt,prompt1,3,,Strategy Divergence
presto,60a5a5c,gpt,prompt3,3,,Strategy Divergence
presto,60a5a5c,gpt,prompt2,3,,Strategy Alignment
presto,60a5a5c,gpt,prompt4,3,,Strategy Alignment
presto,659c3ee,gpt,prompt3,3,1.0691,Strategy Divergence
presto,659c3ee,gpt,prompt2,3,1.069,Strategy Divergence
presto,659c3ee,gpt,prompt4,3,1.0843,Strategy Alignment
presto,239f726,gpt,prompt1,3,1.039,Strategy Divergence
presto,6908344,gpt,prompt1,3,0.9367,Strategy Divergence
presto,6908344,gpt,prompt3,3,0.3255,Strategy Divergence
presto,6908344,gpt,prompt4,3,2.3597,Strategy Match
presto,bfb18d6,gpt,prompt1,3,1.0244,Strategy Divergence
presto,bfb18d6,gpt,prompt3,3,1.0195,Strategy Divergence
presto,bfb18d6,gpt,prompt2,3,125689.3323,Strategy Alignment
presto,bfb18d6,gpt,prompt4,3,1.023,Strategy Divergence
presto,4e71bf3,gpt,prompt3,3,0.9978,Strategy Divergence
presto,4e71bf3,gpt,prompt2,3,1.0439,Strategy Alignment
presto,4e71bf3,gpt,prompt4,3,1.0903,Strategy Alignment
presto,3f63ade,gpt,prompt1,3,0.9746,Strategy Alignment
presto,3f63ade,gpt,prompt3,3,7.8685,Strategy Alignment
presto,3f63ade,gpt,prompt2,3,7.4819,Strategy Match
presto,3f63ade,gpt,prompt4,3,7.4965,Strategy Match
presto,46d219f,gpt,prompt1,3,0.9164,Strategy Divergence
presto,46d219f,gpt,prompt3,3,0.9931,Strategy Divergence
presto,46d219f,gpt,prompt2,3,9.4602,Strategy Match
presto,46d219f,gpt,prompt4,3,9.9687,Strategy Match
presto,c3cb7a9,gpt,prompt1,3,1.0066,Strategy Divergence
presto,c3cb7a9,gpt,prompt3,3,1.0054,Strategy Divergence
presto,c3cb7a9,gpt,prompt2,3,1.1019,Strategy Alignment
presto,c3cb7a9,gpt,prompt4,3,1.1063,Strategy Alignment
presto,53aa7f6,gpt,prompt1,3,0.9872,Strategy Match
presto,53aa7f6,gpt,prompt3,3,1.0085,Strategy Divergence
presto,53aa7f6,gpt,prompt2,3,1.0053,Strategy Match
presto,53aa7f6,gpt,prompt4,3,1.0076,Strategy Alignment
presto,297b089,gpt,prompt3,3,1.0598,Strategy Divergence
presto,297b089,gpt,prompt2,3,1.0004,Strategy Divergence
presto,9e010a7,gpt,prompt1,3,0.9171,Strategy Divergence
presto,9e010a7,gpt,prompt3,3,0.9578,Strategy Divergence
presto,9e010a7,gpt,prompt2,3,0.9589,Strategy Alignment
presto,9e010a7,gpt,prompt4,3,0.9555,Strategy Alignment
presto,3a4f2e3,gpt,prompt1,3,1.0026,Strategy Divergence
presto,3a4f2e3,gpt,prompt2,3,1.071,Strategy Alignment
presto,3a4f2e3,gpt,prompt4,3,1.0993,Strategy Alignment
presto,fa655f6,gpt,prompt1,3,,Strategy Divergence
presto,fa655f6,gpt,prompt3,3,,Strategy Divergence
presto,a26f440,gpt,prompt1,3,1.0007,Strategy Divergence
presto,a26f440,gpt,prompt3,3,0.9952,Strategy Divergence
presto,a26f440,gpt,prompt2,3,0.9911,Strategy Divergence
presto,000fa29,gpt,prompt1,3,,Strategy Divergence
presto,000fa29,gpt,prompt3,3,,Strategy Divergence
presto,000fa29,gpt,prompt4,3,,Strategy Alignment
presto,b54d248,gpt,prompt1,3,1.2567,Strategy Alignment
presto,b54d248,gpt,prompt3,3,1.213,Strategy Alignment
presto,b54d248,gpt,prompt2,3,1.27,Strategy Alignment
presto,b54d248,gpt,prompt4,3,1.2267,Strategy Alignment
presto,20dcaed,gpt,prompt1,3,2134.3235,Strategy Match
presto,20dcaed,gpt,prompt3,3,2141.4732,Strategy Match
presto,20dcaed,gpt,prompt2,3,2162.4594,Strategy Match
presto,20dcaed,gpt,prompt4,3,2147.152,Strategy Match
presto,ee74e4b,gpt,prompt1,3,1.0053,Strategy Divergence
presto,ee74e4b,gpt,prompt3,3,0.9988,Strategy Divergence
presto,ee74e4b,gpt,prompt4,3,1.0011,Strategy Alignment
presto,8d7f587,gpt,prompt4,3,133.7707,Strategy Match
presto,8abba9e,gemini,prompt3,2,30.0533,Strategy Match
presto,efd0834,gemini,prompt2,2,1.1612,Strategy Match
presto,efd0834,gemini,prompt4,2,0.9958,Strategy Alignment
presto,60a5a5c,gemini,prompt1,2,,Strategy Alignment
presto,60a5a5c,gemini,prompt3,2,,Strategy Alignment
presto,60a5a5c,gemini,prompt2,2,,Strategy Alignment
presto,60a5a5c,gemini,prompt4,2,,Strategy Alignment
presto,659c3ee,gemini,prompt1,2,1.0666,Strategy Divergence
presto,659c3ee,gemini,prompt3,2,1.0059,Strategy Divergence
presto,239f726,gemini,prompt3,2,1090.645,Strategy Alignment
presto,239f726,gemini,prompt4,2,1.0349,Strategy Alignment
presto,6908344,gemini,prompt2,2,1.8645,Strategy Match
presto,6908344,gemini,prompt4,2,2.2682,Strategy Match
presto,bfb18d6,gemini,prompt3,2,1.0321,Strategy Divergence
presto,bfb18d6,gemini,prompt2,2,1.0045,Strategy Divergence
presto,bfb18d6,gemini,prompt4,2,117653.5327,Strategy Alignment
presto,4e71bf3,gemini,prompt1,2,2.0032,Strategy Alignment
presto,4e71bf3,gemini,prompt3,2,1.8316,Strategy Alignment
presto,4e71bf3,gemini,prompt2,2,2.2741,Strategy Match
presto,4e71bf3,gemini,prompt4,2,2.3819,Strategy Match
presto,3f63ade,gemini,prompt1,2,0.9889,Strategy Alignment
presto,3f63ade,gemini,prompt3,2,7.2971,Strategy Alignment
presto,3f63ade,gemini,prompt2,2,7.2749,Strategy Match
presto,3f63ade,gemini,prompt4,2,7.5644,Strategy Match
presto,46d219f,gemini,prompt1,2,1.0146,Strategy Divergence
presto,46d219f,gemini,prompt3,2,0.971,Strategy Divergence
presto,46d219f,gemini,prompt2,2,10.071,Strategy Match
presto,46d219f,gemini,prompt4,2,10.0229,Strategy Match
presto,c3cb7a9,gemini,prompt1,2,1.0289,Strategy Alignment
presto,c3cb7a9,gemini,prompt3,2,1.1024,Strategy Alignment
presto,c3cb7a9,gemini,prompt2,2,1.0007,Strategy Alignment
presto,c3cb7a9,gemini,prompt4,2,1.0999,Strategy Alignment
presto,53aa7f6,gemini,prompt1,2,1.0132,Strategy Divergence
presto,53aa7f6,gemini,prompt3,2,1.0027,Strategy Divergence
presto,53aa7f6,gemini,prompt2,2,0.9977,Strategy Match
presto,53aa7f6,gemini,prompt4,2,1.0039,Strategy Match
presto,297b089,gemini,prompt1,2,1.0322,Strategy Divergence
presto,297b089,gemini,prompt3,2,1.0002,Strategy Divergence
presto,297b089,gemini,prompt2,2,1.0261,Strategy Divergence
presto,297b089,gemini,prompt4,2,1.0377,Strategy Divergence
presto,9e010a7,gemini,prompt1,2,0.9261,Strategy Alignment
presto,9e010a7,gemini,prompt3,2,0.8743,Strategy Alignment
presto,9e010a7,gemini,prompt2,2,0.8657,Strategy Alignment
presto,9e010a7,gemini,prompt4,2,0.8885,Strategy Alignment
presto,3a4f2e3,gemini,prompt1,2,0.9888,Strategy Divergence
presto,3a4f2e3,gemini,prompt3,2,0.9999,Strategy Divergence
presto,fa655f6,gemini,prompt1,2,,Strategy Divergence
presto,fa655f6,gemini,prompt3,2,,Strategy Divergence
presto,a26f440,gemini,prompt1,2,0.9935,Strategy Divergence
presto,a26f440,gemini,prompt3,2,0.892,Strategy Divergence
presto,a26f440,gemini,prompt2,2,0.9898,Strategy Alignment
presto,a26f440,gemini,prompt4,2,1.6113,Strategy Alignment
presto,000fa29,gemini,prompt3,2,,Strategy Divergence
presto,b54d248,gemini,prompt1,2,1.1662,Strategy Alignment
presto,b54d248,gemini,prompt3,2,1.2141,Strategy Alignment
presto,b54d248,gemini,prompt2,2,1.253,Strategy Alignment
presto,b54d248,gemini,prompt4,2,1.2347,Strategy Alignment
presto,20dcaed,gemini,prompt3,2,2126.917,Strategy Match
presto,20dcaed,gemini,prompt2,2,2115.0499,Strategy Match
presto,20dcaed,gemini,prompt4,2,2136.7032,Strategy Match
presto,ee74e4b,gemini,prompt1,2,1.0035,Strategy Divergence
presto,ee74e4b,gemini,prompt3,2,1.0024,Strategy Divergence
presto,8d7f587,gemini,prompt3,2,1.0067,Strategy Alignment
presto,8d7f587,gemini,prompt2,2,0.9988,Strategy Alignment
presto,8d7f587,gemini,prompt4,2,132.8566,Strategy Match
presto,efd0834,gemini,prompt2,3,0.9815,Strategy Alignment
presto,efd0834,gemini,prompt4,3,0.9837,Strategy Alignment
presto,60a5a5c,gemini,prompt1,3,,Strategy Divergence
presto,60a5a5c,gemini,prompt3,3,,Strategy Divergence
presto,60a5a5c,gemini,prompt2,3,,Strategy Alignment
presto,60a5a5c,gemini,prompt4,3,,Strategy Alignment
presto,659c3ee,gemini,prompt1,3,1.0808,Strategy Divergence
presto,659c3ee,gemini,prompt3,3,1.0163,Strategy Divergence
presto,659c3ee,gemini,prompt4,3,,Strategy Match
presto,239f726,gemini,prompt1,3,0.9997,Strategy Alignment
presto,239f726,gemini,prompt3,3,1087.8295,Strategy Match
presto,6908344,gemini,prompt2,3,2.2371,Strategy Match
presto,6908344,gemini,prompt4,3,1.8714,Strategy Match
presto,bfb18d6,gemini,prompt1,3,1.0257,Strategy Divergence
presto,bfb18d6,gemini,prompt3,3,1.0292,Strategy Alignment
presto,bfb18d6,gemini,prompt2,3,1.0274,Strategy Alignment
presto,4e71bf3,gemini,prompt1,3,1.6962,Strategy Alignment
presto,4e71bf3,gemini,prompt3,3,1.7537,Strategy Alignment
presto,4e71bf3,gemini,prompt2,3,2.2557,Strategy Match
presto,4e71bf3,gemini,prompt4,3,2.3254,Strategy Match
presto,3f63ade,gemini,prompt1,3,0.9804,Strategy Alignment
presto,3f63ade,gemini,prompt3,3,0.9333,Strategy Alignment
presto,3f63ade,gemini,prompt2,3,7.1658,Strategy Match
presto,3f63ade,gemini,prompt4,3,12.1815,Strategy Match
presto,46d219f,gemini,prompt1,3,0.9727,Strategy Divergence
presto,46d219f,gemini,prompt3,3,10.0027,Strategy Match
presto,46d219f,gemini,prompt2,3,9.9542,Strategy Alignment
presto,46d219f,gemini,prompt4,3,10.0628,Strategy Alignment
presto,c3cb7a9,gemini,prompt1,3,1.0037,Strategy Alignment
presto,c3cb7a9,gemini,prompt3,3,1.1111,Strategy Alignment
presto,c3cb7a9,gemini,prompt2,3,1.1024,Strategy Alignment
presto,c3cb7a9,gemini,prompt4,3,0.9906,Strategy Alignment
presto,53aa7f6,gemini,prompt1,3,1.0129,Strategy Alignment
presto,53aa7f6,gemini,prompt3,3,0.9967,Strategy Alignment
presto,53aa7f6,gemini,prompt2,3,1.0026,Strategy Match
presto,53aa7f6,gemini,prompt4,3,0.9988,Strategy Match
presto,297b089,gemini,prompt1,3,1.0403,Strategy Divergence
presto,297b089,gemini,prompt3,3,0.9784,Strategy Divergence
presto,297b089,gemini,prompt2,3,1.0231,Strategy Alignment
presto,297b089,gemini,prompt4,3,1.0445,Strategy Divergence
presto,9e010a7,gemini,prompt1,3,0.9836,Strategy Alignment
presto,9e010a7,gemini,prompt3,3,0.9248,Strategy Alignment
presto,9e010a7,gemini,prompt2,3,0.8675,Strategy Alignment
presto,9e010a7,gemini,prompt4,3,0.8701,Strategy Alignment
presto,3a4f2e3,gemini,prompt1,3,0.9988,Strategy Divergence
presto,3a4f2e3,gemini,prompt3,3,1.0014,Strategy Divergence
presto,3a4f2e3,gemini,prompt2,3,1.104,Strategy Alignment
presto,fa655f6,gemini,prompt1,3,,Strategy Divergence
presto,fa655f6,gemini,prompt3,3,,Strategy Divergence
presto,fa655f6,gemini,prompt2,3,,Strategy Alignment
presto,a26f440,gemini,prompt1,3,0.967,Strategy Alignment
presto,a26f440,gemini,prompt3,3,0.8662,Strategy Divergence
presto,a26f440,gemini,prompt2,3,0.9964,Strategy Alignment
presto,a26f440,gemini,prompt4,3,0.9534,Strategy Alignment
presto,000fa29,gemini,prompt3,3,,Strategy Divergence
presto,b54d248,gemini,prompt1,3,1.2557,Strategy Alignment
presto,b54d248,gemini,prompt3,3,1.2577,Strategy Alignment
presto,b54d248,gemini,prompt2,3,1.2629,Strategy Alignment
presto,b54d248,gemini,prompt4,3,1.2476,Strategy Alignment
presto,20dcaed,gemini,prompt2,3,2129.7721,Strategy Match
presto,ee74e4b,gemini,prompt1,3,1.0065,Strategy Divergence
presto,ee74e4b,gemini,prompt3,3,1.0001,Strategy Divergence
presto,ee74e4b,gemini,prompt2,3,1.0046,Strategy Alignment
presto,8d7f587,gemini,prompt3,3,132.4328,Strategy Match
presto,8d7f587,gemini,prompt2,3,137.5173,Strategy Match
presto,8d7f587,gemini,prompt4,3,0.9994,Strategy Alignment
netty,b72fea3,gpt,prompt1,1,,Strategy Divergence
netty,b72fea3,gpt,prompt3,1,,Strategy Alignment
netty,b72fea3,gpt,prompt2,1,,Strategy Alignment
netty,b72fea3,gpt,prompt4,1,,Strategy Alignment
netty,5a9b28a,gpt,prompt1,1,1.1543,Strategy Divergence
netty,5a9b28a,gpt,prompt3,1,1.2355,Strategy Divergence
netty,5a9b28a,gpt,prompt2,1,1.4359,Strategy Alignment
netty,5a9b28a,gpt,prompt4,1,1.086,Strategy Alignment
netty,2ed95c9,gpt,prompt1,1,3.2558,Strategy Alignment
netty,2ed95c9,gpt,prompt2,1,1.0002,Strategy Alignment
netty,2ed95c9,gpt,prompt4,1,1.1319,Strategy Alignment
netty,87ec2f8,gpt,prompt1,1,0.9943,Strategy Divergence
netty,87ec2f8,gpt,prompt2,1,2.4876,Strategy Alignment
netty,87ec2f8,gpt,prompt4,1,0.9951,Strategy Alignment
netty,b2eaab0,gpt,prompt1,1,1.0057,Strategy Divergence
netty,b2eaab0,gpt,prompt3,1,1.004,Strategy Divergence
netty,b2eaab0,gpt,prompt2,1,0.9966,Strategy Alignment
netty,b2eaab0,gpt,prompt4,1,1.0077,Strategy Alignment
netty,83a19d5,gpt,prompt3,1,1.803,Strategy Match
netty,83a19d5,gpt,prompt2,1,1.4232,Strategy Alignment
netty,83a19d5,gpt,prompt4,1,1.1506,Strategy Alignment
netty,2791f0f,gpt,prompt1,1,0.9957,Strategy Divergence
netty,2791f0f,gpt,prompt3,1,0.9675,Strategy Divergence
netty,2791f0f,gpt,prompt2,1,1.2323,Strategy Alignment
netty,2791f0f,gpt,prompt4,1,1.2871,Strategy Alignment
netty,67d3a78,gpt,prompt1,1,0.9908,Strategy Divergence
netty,67d3a78,gpt,prompt4,1,1.4407,Strategy Alignment
netty,e542a2c,gpt,prompt1,1,,Strategy Divergence
netty,e542a2c,gpt,prompt3,1,,Strategy Divergence
netty,e542a2c,gpt,prompt2,1,,Strategy Alignment
netty,e542a2c,gpt,prompt4,1,,Strategy Alignment
netty,8a8337e,gpt,prompt1,1,0.6848,Strategy Divergence
netty,8a8337e,gpt,prompt3,1,0.7223,Strategy Divergence
netty,8a8337e,gpt,prompt4,1,1.3464,Strategy Alignment
netty,feb804d,gpt,prompt1,1,1.0916,Strategy Divergence
netty,feb804d,gpt,prompt3,1,0.9699,Strategy Alignment
netty,feb804d,gpt,prompt2,1,1.0718,Strategy Alignment
netty,feb804d,gpt,prompt4,1,1.0977,Strategy Alignment
netty,dd69a81,gemini,prompt1,1,,Strategy Alignment
netty,dd69a81,gemini,prompt3,1,,Strategy Alignment
netty,dd69a81,gemini,prompt2,1,,Strategy Alignment
netty,dd69a81,gemini,prompt4,1,,Strategy Alignment
netty,b72fea3,gemini,prompt1,1,,Strategy Alignment
netty,b72fea3,gemini,prompt3,1,,Strategy Match
netty,b72fea3,gemini,prompt2,1,,Strategy Alignment
netty,b72fea3,gemini,prompt4,1,,Strategy Match
netty,5a9b28a,gemini,prompt1,1,0.7706,Strategy Divergence
netty,5a9b28a,gemini,prompt3,1,1.0327,Strategy Divergence
netty,5a9b28a,gemini,prompt2,1,0.8467,Strategy Alignment
netty,5a9b28a,gemini,prompt4,1,1.256,Strategy Match
netty,95b8db0,gemini,prompt1,1,,Strategy Alignment
netty,95b8db0,gemini,prompt3,1,,Strategy Alignment
netty,95b8db0,gemini,prompt2,1,,Strategy Match
netty,95b8db0,gemini,prompt4,1,,Strategy Match
netty,2ed95c9,gemini,prompt1,1,1.1256,Strategy Divergence
netty,2ed95c9,gemini,prompt3,1,2.0624,Strategy Alignment
netty,2ed95c9,gemini,prompt2,1,1.1159,Strategy Alignment
netty,87ec2f8,gemini,prompt1,1,0.9996,Strategy Divergence
netty,87ec2f8,gemini,prompt3,1,1.0075,Strategy Alignment
netty,87ec2f8,gemini,prompt2,1,2.5038,Strategy Match
netty,87ec2f8,gemini,prompt4,1,2.5493,Strategy Match
netty,b2eaab0,gemini,prompt1,1,1.002,Strategy Alignment
netty,b2eaab0,gemini,prompt3,1,1.0047,Strategy Alignment
netty,b2eaab0,gemini,prompt2,1,1.0048,Strategy Alignment
netty,b2eaab0,gemini,prompt4,1,1.5201,Strategy Alignment
netty,83a19d5,gemini,prompt1,1,0.9074,Strategy Alignment
netty,83a19d5,gemini,prompt3,1,0.7573,Strategy Alignment
netty,83a19d5,gemini,prompt2,1,1.5139,Strategy Alignment
netty,83a19d5,gemini,prompt4,1,1.2687,Strategy Match
netty,deea51e,gemini,prompt1,1,0.9977,Strategy Divergence
netty,deea51e,gemini,prompt3,1,1.1263,Strategy Divergence
netty,deea51e,gemini,prompt2,1,1.1146,Strategy Alignment
netty,deea51e,gemini,prompt4,1,1.2457,Strategy Alignment
netty,2791f0f,gemini,prompt1,1,1.0067,Strategy Divergence
netty,2791f0f,gemini,prompt3,1,1.0347,Strategy Divergence
netty,2791f0f,gemini,prompt2,1,1.4064,Strategy Match
netty,2791f0f,gemini,prompt4,1,1.4172,Strategy Match
netty,67d3a78,gemini,prompt3,1,1.0697,Strategy Alignment
netty,67d3a78,gemini,prompt2,1,1.2472,Strategy Alignment
netty,67d3a78,gemini,prompt4,1,1.0146,Strategy Alignment
netty,e542a2c,gemini,prompt1,1,,Strategy Divergence
netty,e542a2c,gemini,prompt3,1,,Strategy Divergence
netty,e542a2c,gemini,prompt2,1,,Strategy Alignment
netty,e542a2c,gemini,prompt4,1,,Strategy Alignment
netty,8a8337e,gemini,prompt1,1,1.1498,Strategy Divergence
netty,8a8337e,gemini,prompt3,1,1.0263,Strategy Divergence
netty,8a8337e,gemini,prompt2,1,1.1128,Strategy Match
netty,8a8337e,gemini,prompt4,1,1.0051,Strategy Match
netty,feb804d,gemini,prompt1,1,1.0753,Strategy Divergence
netty,feb804d,gemini,prompt3,1,1.0996,Strategy Divergence
netty,feb804d,gemini,prompt2,1,1.0781,Strategy Alignment
netty,feb804d,gemini,prompt4,1,1.106,Strategy Alignment
netty,5a9b28a,gpt,prompt1,2,0.9787,Strategy Divergence
netty,5a9b28a,gpt,prompt3,2,1.1108,Strategy Divergence
netty,5a9b28a,gpt,prompt2,2,1.3326,Strategy Match
netty,5a9b28a,gpt,prompt4,2,1.4379,Strategy Match
netty,95b8db0,gpt,prompt1,2,,Strategy Divergence
netty,95b8db0,gpt,prompt3,2,,Strategy Alignment
netty,95b8db0,gpt,prompt2,2,,Strategy Match
netty,95b8db0,gpt,prompt4,2,,Strategy Match
netty,2ed95c9,gpt,prompt1,2,3.4258,Strategy Alignment
netty,2ed95c9,gpt,prompt2,2,1.1708,Strategy Alignment
netty,2ed95c9,gpt,prompt4,2,1.0081,Strategy Alignment
netty,87ec2f8,gpt,prompt1,2,0.9868,Strategy Divergence
netty,87ec2f8,gpt,prompt2,2,1.0012,Strategy Alignment
netty,87ec2f8,gpt,prompt4,2,2.5191,Strategy Match
netty,b2eaab0,gpt,prompt4,2,1.0081,Strategy Alignment
netty,83a19d5,gpt,prompt1,2,1.1667,Strategy Match
netty,83a19d5,gpt,prompt3,2,0.8579,Strategy Divergence
netty,83a19d5,gpt,prompt2,2,1.203,Strategy Match
netty,deea51e,gpt,prompt1,2,0.9909,Strategy Divergence
netty,deea51e,gpt,prompt2,2,0.9981,Strategy Alignment
netty,deea51e,gpt,prompt4,2,1.2401,Strategy Alignment
netty,2791f0f,gpt,prompt3,2,0.9675,Strategy Divergence
netty,2791f0f,gpt,prompt4,2,1.2871,Strategy Alignment
netty,67d3a78,gpt,prompt1,2,1.0175,Strategy Divergence
netty,8a8337e,gpt,prompt1,2,1.0114,Strategy Divergence
netty,8a8337e,gpt,prompt4,2,1.2623,Strategy Alignment
netty,feb804d,gpt,prompt3,2,1.0779,Strategy Divergence
netty,feb804d,gpt,prompt2,2,1.0926,Strategy Alignment
netty,dd69a81,gpt,prompt1,3,,Strategy Alignment
netty,dd69a81,gpt,prompt3,3,,Strategy Alignment
netty,dd69a81,gpt,prompt2,3,,Strategy Alignment
netty,dd69a81,gpt,prompt4,3,,Strategy Alignment
netty,5a9b28a,gpt,prompt1,3,1.3037,Strategy Divergence
netty,5a9b28a,gpt,prompt3,3,1.402,Strategy Divergence
netty,5a9b28a,gpt,prompt2,3,1.3087,Strategy Match
netty,5a9b28a,gpt,prompt4,3,1.2692,Strategy Match
netty,9abeaf1,gpt,prompt1,3,,Strategy Divergence
netty,9abeaf1,gpt,prompt2,3,,Strategy Alignment
netty,9abeaf1,gpt,prompt4,3,,Strategy Alignment
netty,2ed95c9,gpt,prompt1,3,2.8476,Strategy Alignment
netty,2ed95c9,gpt,prompt2,3,1.0,Strategy Alignment
netty,2ed95c9,gpt,prompt4,3,0.993,Strategy Alignment
netty,87ec2f8,gpt,prompt1,3,1.0017,Strategy Divergence
netty,87ec2f8,gpt,prompt3,3,1.0009,Strategy Alignment
netty,87ec2f8,gpt,prompt2,3,0.9986,Strategy Alignment
netty,87ec2f8,gpt,prompt4,3,0.9996,Strategy Alignment
netty,b2eaab0,gpt,prompt1,3,1.0076,Strategy Divergence
netty,b2eaab0,gpt,prompt3,3,1.0015,Strategy Divergence
netty,b2eaab0,gpt,prompt4,3,1.0084,Strategy Alignment
netty,83a19d5,gpt,prompt1,3,0.9267,Strategy Alignment
netty,83a19d5,gpt,prompt3,3,1.2697,Strategy Match
netty,83a19d5,gpt,prompt2,3,1.4232,Strategy Alignment
netty,83a19d5,gpt,prompt4,3,1.329,Strategy Match
netty,2791f0f,gpt,prompt3,3,1.0217,Strategy Divergence
netty,2791f0f,gpt,prompt2,3,1.3397,Strategy Alignment
netty,2791f0f,gpt,prompt4,3,1.3544,Strategy Alignment
netty,67d3a78,gpt,prompt1,3,0.9894,Strategy Divergence
netty,67d3a78,gpt,prompt3,3,0.9894,Strategy Divergence
netty,8a8337e,gpt,prompt1,3,1.0067,Strategy Divergence
netty,8a8337e,gpt,prompt3,3,1.0202,Strategy Divergence
netty,feb804d,gpt,prompt1,3,1.081,Strategy Divergence
netty,feb804d,gpt,prompt3,3,1.1071,Strategy Divergence
netty,feb804d,gpt,prompt2,3,1.0979,Strategy Match
netty,feb804d,gpt,prompt4,3,1.0469,Strategy Alignment
netty,687308b,gpt,prompt1,3,,Strategy Divergence
netty,687308b,gpt,prompt3,3,,Strategy Alignment
netty,687308b,gpt,prompt2,3,,Strategy Alignment
netty,687308b,gpt,prompt4,3,,Strategy Alignment
netty,5a9b28a,gemini,prompt1,2,0.9522,Strategy Divergence
netty,5a9b28a,gemini,prompt3,2,1.3125,Strategy Divergence
netty,5a9b28a,gemini,prompt2,2,1.0927,Strategy Alignment
netty,5a9b28a,gemini,prompt4,2,1.0818,Strategy Alignment
netty,9abeaf1,gemini,prompt1,2,,Strategy Divergence
netty,9abeaf1,gemini,prompt3,2,,Strategy Divergence
netty,9abeaf1,gemini,prompt2,2,,Strategy Alignment
netty,9abeaf1,gemini,prompt4,2,,Strategy Alignment
netty,2ed95c9,gemini,prompt1,2,1.0462,Strategy Divergence
netty,2ed95c9,gemini,prompt3,2,1.8928,Strategy Alignment
netty,2ed95c9,gemini,prompt2,2,1.1159,Strategy Alignment
netty,87ec2f8,gemini,prompt1,2,1.0053,Strategy Divergence
netty,87ec2f8,gemini,prompt3,2,0.995,Strategy Alignment
netty,87ec2f8,gemini,prompt2,2,2.528,Strategy Match
netty,87ec2f8,gemini,prompt4,2,2.5221,Strategy Match
netty,b2eaab0,gemini,prompt1,2,1.0089,Strategy Alignment
netty,b2eaab0,gemini,prompt2,2,1.007,Strategy Alignment
netty,b2eaab0,gemini,prompt4,2,1.5242,Strategy Alignment
netty,83a19d5,gemini,prompt1,2,1.3948,Strategy Match
netty,83a19d5,gemini,prompt3,2,0.8327,Strategy Alignment
netty,83a19d5,gemini,prompt2,2,1.1066,Strategy Alignment
netty,83a19d5,gemini,prompt4,2,1.2417,Strategy Match
netty,2791f0f,gemini,prompt1,2,1.0014,Strategy Divergence
netty,2791f0f,gemini,prompt2,2,1.3655,Strategy Alignment
netty,2791f0f,gemini,prompt4,2,1.3915,Strategy Match
netty,67d3a78,gemini,prompt1,2,0.9924,Strategy Divergence
netty,67d3a78,gemini,prompt3,2,1.0685,Strategy Divergence
netty,67d3a78,gemini,prompt2,2,1.2094,Strategy Alignment
netty,67d3a78,gemini,prompt4,2,1.5283,Strategy Alignment
netty,8a8337e,gemini,prompt1,2,1.0574,Strategy Divergence
netty,8a8337e,gemini,prompt3,2,1.036,Strategy Divergence
netty,feb804d,gemini,prompt1,2,1.0668,Strategy Divergence
netty,feb804d,gemini,prompt3,2,1.043,Strategy Divergence
netty,feb804d,gemini,prompt2,2,1.1077,Strategy Alignment
netty,feb804d,gemini,prompt4,2,1.1092,Strategy Alignment
netty,687308b,gemini,prompt1,2,,Strategy Divergence
netty,687308b,gemini,prompt3,2,,Strategy Alignment
netty,687308b,gemini,prompt2,2,,Strategy Match
netty,687308b,gemini,prompt4,2,,Strategy Alignment
netty,5a9b28a,gemini,prompt1,3,1.2031,Strategy Divergence
netty,5a9b28a,gemini,prompt3,3,1.1358,Strategy Divergence
netty,5a9b28a,gemini,prompt2,3,1.5311,Strategy Match
netty,5a9b28a,gemini,prompt4,3,0.9382,Strategy Alignment
netty,2ed95c9,gemini,prompt1,3,1.0454,Strategy Divergence
netty,2ed95c9,gemini,prompt3,3,1.0478,Strategy Divergence
netty,2ed95c9,gemini,prompt4,3,0.8091,Strategy Alignment
netty,87ec2f8,gemini,prompt1,3,0.9936,Strategy Divergence
netty,87ec2f8,gemini,prompt3,3,2.5191,Strategy Match
netty,87ec2f8,gemini,prompt2,3,2.5026,Strategy Match
netty,87ec2f8,gemini,prompt4,3,2.5242,Strategy Match
netty,b2eaab0,gemini,prompt1,3,1.0006,Strategy Alignment
netty,b2eaab0,gemini,prompt3,3,1.0203,Strategy Alignment
netty,b2eaab0,gemini,prompt2,3,1.0043,Strategy Alignment
netty,83a19d5,gemini,prompt1,3,1.3478,Strategy Match
netty,83a19d5,gemini,prompt3,3,1.2281,Strategy Match
netty,83a19d5,gemini,prompt2,3,1.283,Strategy Match
netty,83a19d5,gemini,prompt4,3,1.13,Strategy Match
netty,2791f0f,gemini,prompt1,3,1.0367,Strategy Divergence
netty,2791f0f,gemini,prompt3,3,1.3906,Strategy Alignment
netty,2791f0f,gemini,prompt2,3,1.3534,Strategy Match
netty,2791f0f,gemini,prompt4,3,1.4177,Strategy Match
netty,67d3a78,gemini,prompt1,3,1.4031,Strategy Alignment
netty,67d3a78,gemini,prompt3,3,0.9815,Strategy Alignment
netty,67d3a78,gemini,prompt2,3,1.2199,Strategy Match
netty,67d3a78,gemini,prompt4,3,1.0164,Strategy Match
netty,8a8337e,gemini,prompt1,3,0.9711,Strategy Divergence
netty,8a8337e,gemini,prompt3,3,1.0519,Strategy Divergence
netty,feb804d,gemini,prompt1,3,1.056,Strategy Divergence
netty,feb804d,gemini,prompt3,3,1.0915,Strategy Divergence
netty,feb804d,gemini,prompt2,3,1.075,Strategy Alignment
netty,feb804d,gemini,prompt4,3,1.072,Strategy Alignment
kafka,cfc34ca,gpt,prompt4,1,2.8723,Strategy Alignment
kafka,c05403f,gpt,prompt1,1,1.0259,Strategy Divergence
kafka,c05403f,gpt,prompt3,1,1.2413,Strategy Alignment
kafka,b36e3c2,gpt,prompt1,1,,Strategy Alignment
kafka,b36e3c2,gpt,prompt3,1,,Strategy Match
kafka,b36e3c2,gpt,prompt4,1,,Strategy Match
kafka,4fa5bdc,gpt,prompt3,1,1.0183,Strategy Divergence
kafka,4fa5bdc,gpt,prompt2,1,3.6292,Strategy Alignment
kafka,4fa5bdc,gpt,prompt4,1,1.0369,Strategy Alignment
kafka,b25c96a,gpt,prompt3,1,2025.2338,Strategy Alignment
kafka,b25c96a,gpt,prompt2,1,1910.4322,Strategy Alignment
kafka,b25c96a,gpt,prompt4,1,1941.4816,Strategy Alignment
kafka,c8af740,gpt,prompt1,1,2.208,Strategy Match
kafka,c8af740,gpt,prompt3,1,2.265,Strategy Match
kafka,c8af740,gpt,prompt2,1,2.2904,Strategy Match
kafka,c8af740,gpt,prompt4,1,2.2698,Strategy Match
kafka,e3ccf20,gpt,prompt1,1,0.9704,Strategy Divergence
kafka,e3ccf20,gpt,prompt3,1,1.0116,Strategy Divergence
kafka,e3ccf20,gpt,prompt2,1,2.594,Strategy Alignment
kafka,e3ccf20,gpt,prompt4,1,0.9702,Strategy Alignment
kafka,922a95a,gpt,prompt1,1,0.8064,Strategy Divergence
kafka,eb24ed8,gpt,prompt1,1,,Strategy Divergence
kafka,eb24ed8,gpt,prompt3,1,,Strategy Divergence
kafka,eb24ed8,gpt,prompt2,1,,Strategy Match
kafka,eb24ed8,gpt,prompt4,1,,Strategy Match
kafka,aecd47b,gpt,prompt1,1,2.2473,Strategy Alignment
kafka,aecd47b,gpt,prompt3,1,2.5979,Strategy Alignment
kafka,aecd47b,gpt,prompt2,1,1.058,Strategy Match
kafka,aecd47b,gpt,prompt4,1,0.14,Strategy Alignment
kafka,9bb2f78,gpt,prompt1,1,647.5067,Strategy Alignment
kafka,9bb2f78,gpt,prompt3,1,629.1681,Strategy Match
kafka,9bb2f78,gpt,prompt2,1,642.9029,Strategy Match
kafka,9bb2f78,gpt,prompt4,1,539.175,Strategy Match
kafka,59a75f4,gpt,prompt1,1,,Strategy Divergence
kafka,59a75f4,gpt,prompt3,1,,Strategy Divergence
kafka,59a75f4,gpt,prompt2,1,,Strategy Match
kafka,59a75f4,gpt,prompt4,1,,Strategy Match
kafka,cfc34ca,gemini,prompt3,1,3.6756,Strategy Alignment
kafka,cfc34ca,gemini,prompt4,1,1.8294,Strategy Alignment
kafka,c05403f,gemini,prompt1,1,1.2383,Strategy Match
kafka,c05403f,gemini,prompt3,1,1.2387,Strategy Match
kafka,c05403f,gemini,prompt2,1,1.6163,Strategy Alignment
kafka,c05403f,gemini,prompt4,1,1.2066,Strategy Match
kafka,e2e2c62,gemini,prompt1,1,1.6583,Strategy Divergence
kafka,e2e2c62,gemini,prompt4,1,1.061,Strategy Alignment
kafka,b36e3c2,gemini,prompt1,1,,Strategy Match
kafka,b36e3c2,gemini,prompt3,1,,Strategy Match
kafka,b36e3c2,gemini,prompt2,1,,Strategy Match
kafka,b36e3c2,gemini,prompt4,1,,Strategy Match
kafka,4fa5bdc,gemini,prompt1,1,1.1063,Strategy Alignment
kafka,4fa5bdc,gemini,prompt3,1,1.0814,Strategy Alignment
kafka,4fa5bdc,gemini,prompt2,1,4.1934,Strategy Match
kafka,4fa5bdc,gemini,prompt4,1,3.999,Strategy Match
kafka,b25c96a,gemini,prompt1,1,1906.5817,Strategy Alignment
kafka,b25c96a,gemini,prompt3,1,1905.2301,Strategy Alignment
kafka,b25c96a,gemini,prompt2,1,1859.4773,Strategy Alignment
kafka,b25c96a,gemini,prompt4,1,1901.3869,Strategy Alignment
kafka,c8af740,gemini,prompt1,1,2.142,Strategy Divergence
kafka,c8af740,gemini,prompt3,1,2.1516,Strategy Match
kafka,c8af740,gemini,prompt2,1,2.1092,Strategy Match
kafka,c8af740,gemini,prompt4,1,2.2041,Strategy Match
kafka,e3ccf20,gemini,prompt1,1,0.9309,Strategy Divergence
kafka,e3ccf20,gemini,prompt3,1,0.9239,Strategy Divergence
kafka,e3ccf20,gemini,prompt2,1,3.4501,Strategy Match
kafka,e3ccf20,gemini,prompt4,1,4.8169,Strategy Match
kafka,922a95a,gemini,prompt1,1,1.1055,Strategy Divergence
kafka,922a95a,gemini,prompt3,1,8.8123,Strategy Alignment
kafka,922a95a,gemini,prompt2,1,1.2352,Strategy Match
kafka,922a95a,gemini,prompt4,1,1.4115,Strategy Match
kafka,eb24ed8,gemini,prompt1,1,,Strategy Divergence
kafka,eb24ed8,gemini,prompt3,1,,Strategy Divergence
kafka,eb24ed8,gemini,prompt2,1,,Strategy Match
kafka,eb24ed8,gemini,prompt4,1,,Strategy Match
kafka,aecd47b,gemini,prompt1,1,2.5379,Strategy Alignment
kafka,aecd47b,gemini,prompt3,1,2.2286,Strategy Alignment
kafka,aecd47b,gemini,prompt2,1,1.055,Strategy Match
kafka,aecd47b,gemini,prompt4,1,1.0592,Strategy Alignment
kafka,9bb2f78,gemini,prompt1,1,537.3002,Strategy Alignment
kafka,9bb2f78,gemini,prompt3,1,639.0422,Strategy Match
kafka,9bb2f78,gemini,prompt2,1,520.703,Strategy Match
kafka,9bb2f78,gemini,prompt4,1,632.6452,Strategy Match
kafka,59a75f4,gemini,prompt1,1,,Strategy Match
kafka,59a75f4,gemini,prompt3,1,,Strategy Match
kafka,59a75f4,gemini,prompt2,1,,Strategy Match
kafka,59a75f4,gemini,prompt4,1,,Strategy Match
kafka,cfc34ca,gpt,prompt4,2,3.6985,Strategy Alignment
kafka,c05403f,gpt,prompt1,2,1.423,Strategy Alignment
kafka,c05403f,gpt,prompt3,2,1.2905,Strategy Alignment
kafka,c05403f,gpt,prompt2,2,1.2672,Strategy Alignment
kafka,c05403f,gpt,prompt4,2,1.806,Strategy Alignment
kafka,b36e3c2,gpt,prompt1,2,,Strategy Divergence
kafka,b36e3c2,gpt,prompt4,2,,Strategy Match
kafka,4fa5bdc,gpt,prompt1,2,0.7111,Strategy Divergence
kafka,4fa5bdc,gpt,prompt3,2,1.109,Strategy Alignment
kafka,4fa5bdc,gpt,prompt2,2,1.0811,Strategy Alignment
kafka,4fa5bdc,gpt,prompt4,2,1.0357,Strategy Alignment
kafka,b25c96a,gpt,prompt1,2,0.7807,Strategy Divergence
kafka,b25c96a,gpt,prompt3,2,1954.5089,Strategy Alignment
kafka,b25c96a,gpt,prompt2,2,1944.8911,Strategy Alignment
kafka,b25c96a,gpt,prompt4,2,1956.6075,Strategy Alignment
kafka,c8af740,gpt,prompt1,2,2.1778,Strategy Match
kafka,c8af740,gpt,prompt3,2,2.2482,Strategy Match
kafka,c8af740,gpt,prompt2,2,2.2443,Strategy Match
kafka,c8af740,gpt,prompt4,2,2.2708,Strategy Match
kafka,e3ccf20,gpt,prompt1,2,0.9598,Strategy Divergence
kafka,e3ccf20,gpt,prompt2,2,2.6877,Strategy Alignment
kafka,e3ccf20,gpt,prompt4,2,0.9877,Strategy Alignment
kafka,922a95a,gpt,prompt1,2,0.9488,Strategy Divergence
kafka,922a95a,gpt,prompt3,2,0.8941,Strategy Divergence
kafka,922a95a,gpt,prompt2,2,1.2664,Strategy Alignment
kafka,eb24ed8,gpt,prompt1,2,,Strategy Divergence
kafka,eb24ed8,gpt,prompt3,2,,Strategy Divergence
kafka,eb24ed8,gpt,prompt2,2,,Strategy Match
kafka,eb24ed8,gpt,prompt4,2,,Strategy Match
kafka,aecd47b,gpt,prompt1,2,2.1181,Strategy Alignment
kafka,aecd47b,gpt,prompt3,2,2.4115,Strategy Alignment
kafka,aecd47b,gpt,prompt2,2,0.1378,Strategy Alignment
kafka,aecd47b,gpt,prompt4,2,1.055,Strategy Alignment
kafka,9bb2f78,gpt,prompt1,2,618.03,Strategy Match
kafka,9bb2f78,gpt,prompt3,2,673.5107,Strategy Match
kafka,9bb2f78,gpt,prompt2,2,629.9136,Strategy Match
kafka,9bb2f78,gpt,prompt4,2,631.3346,Strategy Match
kafka,59a75f4,gpt,prompt1,2,,Strategy Divergence
kafka,59a75f4,gpt,prompt3,2,,Strategy Divergence
kafka,59a75f4,gpt,prompt2,2,,Strategy Divergence
kafka,59a75f4,gpt,prompt4,2,,Strategy Match
kafka,cfc34ca,gpt,prompt4,3,2.3158,Strategy Alignment
kafka,c05403f,gpt,prompt1,3,1.0259,Strategy Alignment
kafka,c05403f,gpt,prompt3,3,1.2413,Strategy Alignment
kafka,c05403f,gpt,prompt2,3,1.2672,Strategy Alignment
kafka,c05403f,gpt,prompt4,3,1.3057,Strategy Alignment
kafka,e2e2c62,gpt,prompt1,3,1.2498,Strategy Divergence
kafka,b36e3c2,gpt,prompt1,3,,Strategy Divergence
kafka,b36e3c2,gpt,prompt3,3,,Strategy Divergence
kafka,b36e3c2,gpt,prompt2,3,,Strategy Match
kafka,b36e3c2,gpt,prompt4,3,,Strategy Match
kafka,4fa5bdc,gpt,prompt2,3,3.9185,Strategy Match
kafka,4fa5bdc,gpt,prompt4,3,1.0678,Strategy Alignment
kafka,b25c96a,gpt,prompt1,3,1718.3668,Strategy Alignment
kafka,b25c96a,gpt,prompt3,3,1746.4983,Strategy Alignment
kafka,b25c96a,gpt,prompt2,3,1763.1303,Strategy Alignment
kafka,b25c96a,gpt,prompt4,3,1797.1351,Strategy Alignment
kafka,c8af740,gpt,prompt1,3,2.1412,Strategy Match
kafka,c8af740,gpt,prompt3,3,2.1902,Strategy Match
kafka,c8af740,gpt,prompt2,3,2.1973,Strategy Match
kafka,c8af740,gpt,prompt4,3,2.2187,Strategy Match
kafka,e3ccf20,gpt,prompt3,3,0.9767,Strategy Divergence
kafka,e3ccf20,gpt,prompt2,3,0.9833,Strategy Alignment
kafka,e3ccf20,gpt,prompt4,3,0.3792,Strategy Alignment
kafka,922a95a,gpt,prompt1,3,0.7631,Strategy Divergence
kafka,922a95a,gpt,prompt3,3,98.7134,Strategy Alignment
kafka,922a95a,gpt,prompt2,3,1.2961,Strategy Alignment
kafka,922a95a,gpt,prompt4,3,1.4612,Strategy Alignment
kafka,eb24ed8,gpt,prompt1,3,,Strategy Divergence
kafka,eb24ed8,gpt,prompt3,3,,Strategy Divergence
kafka,eb24ed8,gpt,prompt2,3,,Strategy Match
kafka,eb24ed8,gpt,prompt4,3,,Strategy Alignment
kafka,aecd47b,gpt,prompt1,3,7.4415,Strategy Alignment
kafka,aecd47b,gpt,prompt3,3,8.8819,Strategy Alignment
kafka,aecd47b,gpt,prompt2,3,8.4079,Strategy Alignment
kafka,aecd47b,gpt,prompt4,3,8.7515,Strategy Match
kafka,9bb2f78,gpt,prompt1,3,717.3539,Strategy Match
kafka,9bb2f78,gpt,prompt3,3,677.2201,Strategy Match
kafka,9bb2f78,gpt,prompt2,3,647.2059,Strategy Match
kafka,9bb2f78,gpt,prompt4,3,685.8737,Strategy Match
kafka,59a75f4,gpt,prompt1,3,,Strategy Divergence
kafka,59a75f4,gpt,prompt3,3,,Strategy Divergence
kafka,59a75f4,gpt,prompt2,3,,Strategy Match
kafka,59a75f4,gpt,prompt4,3,,Strategy Match
kafka,cfc34ca,gemini,prompt4,2,1.1466,Strategy Alignment
kafka,c05403f,gemini,prompt1,2,1.2336,Strategy Alignment
kafka,c05403f,gemini,prompt3,2,1.2389,Strategy Match
kafka,c05403f,gemini,prompt2,2,1.2372,Strategy Alignment
kafka,c05403f,gemini,prompt4,2,1.2369,Strategy Match
kafka,e2e2c62,gemini,prompt4,2,1.1948,Strategy Alignment
kafka,b36e3c2,gemini,prompt1,2,,Strategy Match
kafka,b36e3c2,gemini,prompt3,2,,Strategy Match
kafka,b36e3c2,gemini,prompt2,2,,Strategy Match
kafka,b36e3c2,gemini,prompt4,2,,Strategy Match
kafka,4fa5bdc,gemini,prompt1,2,4.2394,Strategy Alignment
kafka,4fa5bdc,gemini,prompt3,2,5.9715,Strategy Alignment
kafka,4fa5bdc,gemini,prompt2,2,4.0977,Strategy Match
kafka,4fa5bdc,gemini,prompt4,2,3.7942,Strategy Alignment
kafka,b25c96a,gemini,prompt1,2,1881.3349,Strategy Alignment
kafka,b25c96a,gemini,prompt3,2,1815.3796,Strategy Alignment
kafka,b25c96a,gemini,prompt2,2,1879.8095,Strategy Alignment
kafka,b25c96a,gemini,prompt4,2,1861.3511,Strategy Alignment
kafka,c8af740,gemini,prompt1,2,2.1253,Strategy Alignment
kafka,c8af740,gemini,prompt3,2,2.1858,Strategy Match
kafka,c8af740,gemini,prompt2,2,2.1817,Strategy Match
kafka,c8af740,gemini,prompt4,2,2.1818,Strategy Match
kafka,e3ccf20,gemini,prompt1,2,0.9572,Strategy Alignment
kafka,e3ccf20,gemini,prompt3,2,0.9724,Strategy Divergence
kafka,e3ccf20,gemini,prompt2,2,4.0135,Strategy Match
kafka,e3ccf20,gemini,prompt4,2,2.6409,Strategy Alignment
kafka,922a95a,gemini,prompt1,2,1.1378,Strategy Divergence
kafka,922a95a,gemini,prompt3,2,9.3818,Strategy Divergence
kafka,922a95a,gemini,prompt2,2,1.2563,Strategy Alignment
kafka,922a95a,gemini,prompt4,2,1.2597,Strategy Match
kafka,eb24ed8,gemini,prompt1,2,,Strategy Divergence
kafka,eb24ed8,gemini,prompt3,2,,Strategy Divergence
kafka,eb24ed8,gemini,prompt2,2,,Strategy Match
kafka,eb24ed8,gemini,prompt4,2,,Strategy Match
kafka,aecd47b,gemini,prompt1,2,2.4222,Strategy Alignment
kafka,aecd47b,gemini,prompt3,2,2.2991,Strategy Alignment
kafka,aecd47b,gemini,prompt2,2,1.059,Strategy Match
kafka,aecd47b,gemini,prompt4,2,1.0569,Strategy Match
kafka,9bb2f78,gemini,prompt1,2,659.7555,Strategy Match
kafka,9bb2f78,gemini,prompt3,2,549.4481,Strategy Match
kafka,9bb2f78,gemini,prompt2,2,656.7236,Strategy Match
kafka,9bb2f78,gemini,prompt4,2,643.5204,Strategy Match
kafka,59a75f4,gemini,prompt1,2,,Strategy Alignment
kafka,59a75f4,gemini,prompt2,2,,Strategy Alignment
kafka,59a75f4,gemini,prompt4,2,,Strategy Match
kafka,cfc34ca,gemini,prompt4,3,5.4687,Strategy Alignment
kafka,c05403f,gemini,prompt1,3,1.4934,Strategy Alignment
kafka,c05403f,gemini,prompt3,3,1.2345,Strategy Match
kafka,c05403f,gemini,prompt2,3,1.516,Strategy Alignment
kafka,c05403f,gemini,prompt4,3,1.5193,Strategy Alignment
kafka,b36e3c2,gemini,prompt1,3,,Strategy Match
kafka,b36e3c2,gemini,prompt3,3,,Strategy Match
kafka,b36e3c2,gemini,prompt2,3,,Strategy Match
kafka,b36e3c2,gemini,prompt4,3,,Strategy Match
kafka,4fa5bdc,gemini,prompt1,3,3.9505,Strategy Match
kafka,4fa5bdc,gemini,prompt3,3,4.344,Strategy Match
kafka,4fa5bdc,gemini,prompt2,3,3.8089,Strategy Match
kafka,4fa5bdc,gemini,prompt4,3,3.7941,Strategy Match
kafka,b25c96a,gemini,prompt1,3,1898.9423,Strategy Alignment
kafka,b25c96a,gemini,prompt3,3,1950.9401,Strategy Alignment
kafka,b25c96a,gemini,prompt2,3,1899.2413,Strategy Alignment
kafka,b25c96a,gemini,prompt4,3,1901.9214,Strategy Alignment
kafka,c8af740,gemini,prompt1,3,2.1644,Strategy Match
kafka,c8af740,gemini,prompt3,3,2.193,Strategy Match
kafka,c8af740,gemini,prompt2,3,2.2118,Strategy Match
kafka,c8af740,gemini,prompt4,3,2.1915,Strategy Match
kafka,e3ccf20,gemini,prompt1,3,0.9769,Strategy Divergence
kafka,e3ccf20,gemini,prompt3,3,0.9267,Strategy Divergence
kafka,e3ccf20,gemini,prompt2,3,2.9135,Strategy Alignment
kafka,e3ccf20,gemini,prompt4,3,4.1154,Strategy Match
kafka,922a95a,gemini,prompt1,3,1.1757,Strategy Divergence
kafka,922a95a,gemini,prompt3,3,1.105,Strategy Divergence
kafka,922a95a,gemini,prompt2,3,1.3976,Strategy Match
kafka,922a95a,gemini,prompt4,3,1.2622,Strategy Match
kafka,eb24ed8,gemini,prompt1,3,,Strategy Divergence
kafka,eb24ed8,gemini,prompt3,3,,Strategy Divergence
kafka,eb24ed8,gemini,prompt2,3,,Strategy Match
kafka,eb24ed8,gemini,prompt4,3,,Strategy Match
kafka,aecd47b,gemini,prompt1,3,2.4095,Strategy Alignment
kafka,aecd47b,gemini,prompt3,3,2.3025,Strategy Alignment
kafka,aecd47b,gemini,prompt2,3,1.0583,Strategy Match
kafka,aecd47b,gemini,prompt4,3,1.056,Strategy Match
kafka,9bb2f78,gemini,prompt1,3,647.2745,Strategy Match
kafka,9bb2f78,gemini,prompt3,3,542.6524,Strategy Match
kafka,9bb2f78,gemini,prompt2,3,654.245,Strategy Match
kafka,9bb2f78,gemini,prompt4,3,618.5818,Strategy Match
kafka,59a75f4,gemini,prompt1,3,,Strategy Alignment
kafka,59a75f4,gemini,prompt3,3,,Strategy Match
kafka,59a75f4,gemini,prompt2,3,,Strategy Alignment
kafka,59a75f4,gemini,prompt4,3,,Strategy Match
RoaringBitmap,1de6825,gpt,prompt3,1,1.003,Strategy Alignment
RoaringBitmap,1de6825,gpt,prompt2,1,1.1003,Strategy Alignment
RoaringBitmap,1de6825,gpt,prompt4,1,1.1115,Strategy Match
RoaringBitmap,abdd6ff,gpt,prompt1,1,1.1251,Strategy Divergence
RoaringBitmap,abdd6ff,gpt,prompt3,1,0.9795,Strategy Alignment
RoaringBitmap,abdd6ff,gpt,prompt2,1,1.1157,Strategy Match
RoaringBitmap,abdd6ff,gpt,prompt4,1,1.1123,Strategy Alignment
RoaringBitmap,34bce1b,gpt,prompt1,1,3.0254,Strategy Alignment
RoaringBitmap,34bce1b,gpt,prompt3,1,2.8819,Strategy Alignment
RoaringBitmap,34bce1b,gpt,prompt2,1,2.9806,Strategy Alignment
RoaringBitmap,34bce1b,gpt,prompt4,1,4.5941,Strategy Alignment
RoaringBitmap,53ba593,gpt,prompt1,1,1.178,Strategy Divergence
RoaringBitmap,53ba593,gpt,prompt4,1,1.8984,Strategy Alignment
RoaringBitmap,1de6825,gemini,prompt1,1,1.1104,Strategy Match
RoaringBitmap,1de6825,gemini,prompt3,1,1.1106,Strategy Alignment
RoaringBitmap,1de6825,gemini,prompt2,1,1.0046,Strategy Match
RoaringBitmap,1de6825,gemini,prompt4,1,1.11,Strategy Alignment
RoaringBitmap,abdd6ff,gemini,prompt1,1,0.978,Strategy Divergence
RoaringBitmap,abdd6ff,gemini,prompt3,1,1.0724,Strategy Alignment
RoaringBitmap,abdd6ff,gemini,prompt2,1,1.0005,Strategy Alignment
RoaringBitmap,abdd6ff,gemini,prompt4,1,1.0018,Strategy Alignment
RoaringBitmap,34bce1b,gemini,prompt1,1,4.7731,Strategy Match
RoaringBitmap,34bce1b,gemini,prompt3,1,3.5975,Strategy Match
RoaringBitmap,34bce1b,gemini,prompt2,1,3.8008,Strategy Match
RoaringBitmap,34bce1b,gemini,prompt4,1,4.6584,Strategy Match
RoaringBitmap,53ba593,gemini,prompt1,1,1.3011,Strategy Divergence
RoaringBitmap,53ba593,gemini,prompt3,1,1.343,Strategy Alignment
RoaringBitmap,53ba593,gemini,prompt4,1,2.0864,Strategy Match
RoaringBitmap,1de6825,gpt,prompt3,2,1.1079,Strategy Alignment
RoaringBitmap,abdd6ff,gpt,prompt1,2,1.1448,Strategy Divergence
RoaringBitmap,abdd6ff,gpt,prompt3,2,1.1046,Strategy Alignment
RoaringBitmap,abdd6ff,gpt,prompt2,2,1.1207,Strategy Alignment
RoaringBitmap,abdd6ff,gpt,prompt4,2,1.0786,Strategy Alignment
RoaringBitmap,34bce1b,gpt,prompt1,2,2.9827,Strategy Alignment
RoaringBitmap,34bce1b,gpt,prompt3,2,5.0208,Strategy Alignment
RoaringBitmap,34bce1b,gpt,prompt2,2,2.9925,Strategy Alignment
RoaringBitmap,34bce1b,gpt,prompt4,2,5.836,Strategy Alignment
RoaringBitmap,53ba593,gpt,prompt1,2,1.3032,Strategy Divergence
RoaringBitmap,53ba593,gpt,prompt3,2,1.3866,Strategy Alignment
RoaringBitmap,53ba593,gpt,prompt4,2,1.9649,Strategy Alignment
RoaringBitmap,1de6825,gpt,prompt3,3,1.1027,Strategy Match
RoaringBitmap,1de6825,gpt,prompt2,3,1.1084,Strategy Alignment
RoaringBitmap,abdd6ff,gpt,prompt1,3,1.022,Strategy Divergence
RoaringBitmap,abdd6ff,gpt,prompt3,3,1.1046,Strategy Alignment
RoaringBitmap,abdd6ff,gpt,prompt4,3,1.0096,Strategy Alignment
RoaringBitmap,53ba593,gpt,prompt1,3,1.1032,Strategy Divergence
RoaringBitmap,53ba593,gpt,prompt3,3,0.9978,Strategy Divergence
RoaringBitmap,53ba593,gpt,prompt4,3,1.1394,Strategy Alignment
RoaringBitmap,1de6825,gemini,prompt1,2,1.1112,Strategy Alignment
RoaringBitmap,1de6825,gemini,prompt3,2,1.1069,Strategy Alignment
RoaringBitmap,1de6825,gemini,prompt2,2,1.1075,Strategy Alignment
RoaringBitmap,1de6825,gemini,prompt4,2,1.1103,Strategy Match
RoaringBitmap,abdd6ff,gemini,prompt1,2,1.144,Strategy Divergence
RoaringBitmap,abdd6ff,gemini,prompt3,2,1.14,Strategy Divergence
RoaringBitmap,abdd6ff,gemini,prompt2,2,1.0104,Strategy Alignment
RoaringBitmap,abdd6ff,gemini,prompt4,2,1.0569,Strategy Alignment
RoaringBitmap,34bce1b,gemini,prompt1,2,4.0742,Strategy Match
RoaringBitmap,34bce1b,gemini,prompt3,2,4.4717,Strategy Match
RoaringBitmap,34bce1b,gemini,prompt2,2,4.6559,Strategy Match
RoaringBitmap,34bce1b,gemini,prompt4,2,3.6211,Strategy Alignment
RoaringBitmap,53ba593,gemini,prompt1,2,1.3202,Strategy Divergence
RoaringBitmap,53ba593,gemini,prompt3,2,1.3411,Strategy Divergence
RoaringBitmap,53ba593,gemini,prompt2,2,1.0017,Strategy Alignment
RoaringBitmap,53ba593,gemini,prompt4,2,1.9702,Strategy Alignment
RoaringBitmap,1de6825,gemini,prompt1,3,1.1052,Strategy Match
RoaringBitmap,1de6825,gemini,prompt3,3,1.1121,Strategy Match
RoaringBitmap,1de6825,gemini,prompt2,3,1.1099,Strategy Match
RoaringBitmap,1de6825,gemini,prompt4,3,1.1092,Strategy Match
RoaringBitmap,abdd6ff,gemini,prompt1,3,0.9922,Strategy Alignment
RoaringBitmap,abdd6ff,gemini,prompt3,3,0.9956,Strategy Divergence
RoaringBitmap,abdd6ff,gemini,prompt2,3,1.0666,Strategy Alignment
RoaringBitmap,abdd6ff,gemini,prompt4,3,1.1305,Strategy Alignment
RoaringBitmap,34bce1b,gemini,prompt1,3,3.2583,Strategy Alignment
RoaringBitmap,34bce1b,gemini,prompt3,3,4.015,Strategy Match
RoaringBitmap,34bce1b,gemini,prompt2,3,3.8771,Strategy Alignment
RoaringBitmap,34bce1b,gemini,prompt4,3,3.1117,Strategy Match
RoaringBitmap,53ba593,gemini,prompt1,3,1.0019,Strategy Divergence
RoaringBitmap,53ba593,gemini,prompt3,3,1.3386,Strategy Divergence
RoaringBitmap,53ba593,gemini,prompt2,3,1.0045,Strategy Divergence
RoaringBitmap,53ba593,gemini,prompt4,3,1.7325,Strategy Match
