hash_value,benchmark_name,params,mode,unit,model,prompt,trial,mean,error
53ba593,org.roaringbitmap.CheckedAddBenchmark.optimized,"""containerType=RUN,inputData=HALF_DUPLICATED""",avgt,ms/op,original,,,239.69705486499996,1.3946125118484076
53ba593,org.roaringbitmap.CheckedAddBenchmark.optimized,"""containerType=RUN,inputData=HALF_DUPLICATED""",avgt,ms/op,developer,,,134.29239856400002,0.9791970684364854
53ba593,org.roaringbitmap.CheckedAddBenchmark.optimized,"""containerType=RUN,inputData=HALF_DUPLICATED""",avgt,ms/op,gpt,prompt1,1,240.61358943500002,2.206862593424669
53ba593,org.roaringbitmap.CheckedAddBenchmark.optimized,"""containerType=RUN,inputData=HALF_DUPLICATED""",avgt,ms/op,gpt,prompt4,1,127.05613761999999,0.7121448901449539
53ba593,org.roaringbitmap.CheckedAddBenchmark.optimized,"""containerType=RUN,inputData=HALF_DUPLICATED""",avgt,ms/op,gpt,prompt3,1,216.63802709500004,0.9474112510550579
53ba593,org.roaringbitmap.CheckedAddBenchmark.optimized,"""containerType=RUN,inputData=HALF_DUPLICATED""",avgt,ms/op,gemini,prompt1,1,271.2904004333334,1.480952620693224
53ba593,org.roaringbitmap.CheckedAddBenchmark.optimized,"""containerType=RUN,inputData=HALF_DUPLICATED""",avgt,ms/op,gemini,prompt4,1,130.66822198400004,0.9573959021156463
53ba593,org.roaringbitmap.CheckedAddBenchmark.optimized,"""containerType=RUN,inputData=HALF_DUPLICATED""",avgt,ms/op,gemini,prompt3,1,181.56586077800006,1.862487720365486
53ba593,org.roaringbitmap.CheckedAddBenchmark.optimized,"""containerType=RUN,inputData=HALF_DUPLICATED""",avgt,ms/op,gpt,prompt1,2,269.4437435733333,1.8543904432204887
53ba593,org.roaringbitmap.CheckedAddBenchmark.optimized,"""containerType=RUN,inputData=HALF_DUPLICATED""",avgt,ms/op,gpt,prompt4,2,135.00924414933334,1.0665385393697169
53ba593,org.roaringbitmap.CheckedAddBenchmark.optimized,"""containerType=RUN,inputData=HALF_DUPLICATED""",avgt,ms/op,gpt,prompt3,2,246.10404790166663,1.5661777987758791
53ba593,org.roaringbitmap.CheckedAddBenchmark.optimized,"""containerType=RUN,inputData=HALF_DUPLICATED""",avgt,ms/op,gpt,prompt1,3,258.53198436333327,1.9689019298793557
53ba593,org.roaringbitmap.CheckedAddBenchmark.optimized,"""containerType=RUN,inputData=HALF_DUPLICATED""",avgt,ms/op,gpt,prompt4,3,234.58140694499997,1.3587264639317571
53ba593,org.roaringbitmap.CheckedAddBenchmark.optimized,"""containerType=RUN,inputData=HALF_DUPLICATED""",avgt,ms/op,gpt,prompt3,3,216.63802709500004,0.9474112510550579
53ba593,org.roaringbitmap.CheckedAddBenchmark.optimized,"""containerType=RUN,inputData=HALF_DUPLICATED""",avgt,ms/op,gemini,prompt1,2,262.87589568666664,2.477505049328509
53ba593,org.roaringbitmap.CheckedAddBenchmark.optimized,"""containerType=RUN,inputData=HALF_DUPLICATED""",avgt,ms/op,gemini,prompt4,2,126.15134261666661,1.1846841861408182
53ba593,org.roaringbitmap.CheckedAddBenchmark.optimized,"""containerType=RUN,inputData=HALF_DUPLICATED""",avgt,ms/op,gemini,prompt2,2,246.10254204999998,0.6920452622210335
53ba593,org.roaringbitmap.CheckedAddBenchmark.optimized,"""containerType=RUN,inputData=HALF_DUPLICATED""",avgt,ms/op,gemini,prompt3,2,197.68181018000004,1.4841458053726773
53ba593,org.roaringbitmap.CheckedAddBenchmark.optimized,"""containerType=RUN,inputData=HALF_DUPLICATED""",avgt,ms/op,gemini,prompt1,3,239.84595355499997,0.7340229127282191
53ba593,org.roaringbitmap.CheckedAddBenchmark.optimized,"""containerType=RUN,inputData=HALF_DUPLICATED""",avgt,ms/op,gemini,prompt4,3,167.92010442400002,1.1501630056665637
53ba593,org.roaringbitmap.CheckedAddBenchmark.optimized,"""containerType=RUN,inputData=HALF_DUPLICATED""",avgt,ms/op,gemini,prompt2,3,238.11155387000002,1.190027220866619
53ba593,org.roaringbitmap.CheckedAddBenchmark.optimized,"""containerType=RUN,inputData=HALF_DUPLICATED""",avgt,ms/op,gemini,prompt3,3,239.01716215500005,0.9717643989236333
53ba593,org.roaringbitmap.CheckedAddBenchmark.optimized,"""containerType=RUN,inputData=UNIQUE""",avgt,ms/op,original,,,374.12105485333336,2.84958866299186
53ba593,org.roaringbitmap.CheckedAddBenchmark.optimized,"""containerType=RUN,inputData=UNIQUE""",avgt,ms/op,developer,,,175.13566696400002,0.44326379357302986
53ba593,org.roaringbitmap.CheckedAddBenchmark.optimized,"""containerType=RUN,inputData=UNIQUE""",avgt,ms/op,gpt,prompt1,1,317.59039799333334,2.515509183554301
53ba593,org.roaringbitmap.CheckedAddBenchmark.optimized,"""containerType=RUN,inputData=UNIQUE""",avgt,ms/op,gpt,prompt4,1,197.07594959699992,1.7609074301864533
53ba593,org.roaringbitmap.CheckedAddBenchmark.optimized,"""containerType=RUN,inputData=UNIQUE""",avgt,ms/op,gpt,prompt3,1,374.9568049800002,3.797879374689877
53ba593,org.roaringbitmap.CheckedAddBenchmark.optimized,"""containerType=RUN,inputData=UNIQUE""",avgt,ms/op,gemini,prompt1,1,287.55055388666665,2.2180685792378982
53ba593,org.roaringbitmap.CheckedAddBenchmark.optimized,"""containerType=RUN,inputData=UNIQUE""",avgt,ms/op,gemini,prompt4,1,179.31421727400001,1.8108961818042666
53ba593,org.roaringbitmap.CheckedAddBenchmark.optimized,"""containerType=RUN,inputData=UNIQUE""",avgt,ms/op,gemini,prompt3,1,278.57165081833335,1.7850216643092167
53ba593,org.roaringbitmap.CheckedAddBenchmark.optimized,"""containerType=RUN,inputData=UNIQUE""",avgt,ms/op,gpt,prompt1,2,287.0696449266666,2.2774348648353415
53ba593,org.roaringbitmap.CheckedAddBenchmark.optimized,"""containerType=RUN,inputData=UNIQUE""",avgt,ms/op,gpt,prompt4,2,190.39873869700006,1.5740753140760486
53ba593,org.roaringbitmap.CheckedAddBenchmark.optimized,"""containerType=RUN,inputData=UNIQUE""",avgt,ms/op,gpt,prompt3,2,269.81705522166664,1.8848727233882343
53ba593,org.roaringbitmap.CheckedAddBenchmark.optimized,"""containerType=RUN,inputData=UNIQUE""",avgt,ms/op,gpt,prompt1,3,339.1098360466666,1.3701733189763623
53ba593,org.roaringbitmap.CheckedAddBenchmark.optimized,"""containerType=RUN,inputData=UNIQUE""",avgt,ms/op,gpt,prompt4,3,328.35941289333334,1.6029251609014459
53ba593,org.roaringbitmap.CheckedAddBenchmark.optimized,"""containerType=RUN,inputData=UNIQUE""",avgt,ms/op,gpt,prompt3,3,374.9568049800002,3.797879374689877
53ba593,org.roaringbitmap.CheckedAddBenchmark.optimized,"""containerType=RUN,inputData=UNIQUE""",avgt,ms/op,gemini,prompt1,2,283.3762047283333,4.117941179685529
53ba593,org.roaringbitmap.CheckedAddBenchmark.optimized,"""containerType=RUN,inputData=UNIQUE""",avgt,ms/op,gemini,prompt4,2,189.88623048899993,1.4562738908565875
53ba593,org.roaringbitmap.CheckedAddBenchmark.optimized,"""containerType=RUN,inputData=UNIQUE""",avgt,ms/op,gemini,prompt2,2,373.49882208,2.390607787329434
53ba593,org.roaringbitmap.CheckedAddBenchmark.optimized,"""containerType=RUN,inputData=UNIQUE""",avgt,ms/op,gemini,prompt3,2,278.96356527333336,2.083913812721454
53ba593,org.roaringbitmap.CheckedAddBenchmark.optimized,"""containerType=RUN,inputData=UNIQUE""",avgt,ms/op,gemini,prompt1,3,373.4146726800001,2.3673636174980306
53ba593,org.roaringbitmap.CheckedAddBenchmark.optimized,"""containerType=RUN,inputData=UNIQUE""",avgt,ms/op,gemini,prompt4,3,215.94488463,0.79310238424082
53ba593,org.roaringbitmap.CheckedAddBenchmark.optimized,"""containerType=RUN,inputData=UNIQUE""",avgt,ms/op,gemini,prompt2,3,372.43717476666677,2.1905292748916296
53ba593,org.roaringbitmap.CheckedAddBenchmark.optimized,"""containerType=RUN,inputData=UNIQUE""",avgt,ms/op,gemini,prompt3,3,279.4835495133333,1.6747786729120708
53ba593,org.roaringbitmap.CheckedAddBenchmark.original,"""containerType=RUN,inputData=UNIQUE""",avgt,ms/op,original,,,345.9507425599999,2.4959927196672607
53ba593,org.roaringbitmap.CheckedAddBenchmark.original,"""containerType=RUN,inputData=UNIQUE""",avgt,ms/op,developer,,,299.65325296000003,1.4848075591246572
53ba593,org.roaringbitmap.CheckedAddBenchmark.original,"""containerType=RUN,inputData=UNIQUE""",avgt,ms/op,gpt,prompt1,1,293.3249495333333,1.2660159167121854
53ba593,org.roaringbitmap.CheckedAddBenchmark.original,"""containerType=RUN,inputData=UNIQUE""",avgt,ms/op,gpt,prompt4,1,364.8193213733334,1.7079842099067264
53ba593,org.roaringbitmap.CheckedAddBenchmark.original,"""containerType=RUN,inputData=UNIQUE""",avgt,ms/op,gpt,prompt3,1,346.1510354133334,2.8956970251330376
53ba593,org.roaringbitmap.CheckedAddBenchmark.original,"""containerType=RUN,inputData=UNIQUE""",avgt,ms/op,gemini,prompt1,1,292.44625010666675,1.2195132197846816
53ba593,org.roaringbitmap.CheckedAddBenchmark.original,"""containerType=RUN,inputData=UNIQUE""",avgt,ms/op,gemini,prompt4,1,333.6732646466667,1.869565388126794
53ba593,org.roaringbitmap.CheckedAddBenchmark.original,"""containerType=RUN,inputData=UNIQUE""",avgt,ms/op,gemini,prompt3,1,344.2088993533334,2.2553489884620714
53ba593,org.roaringbitmap.CheckedAddBenchmark.original,"""containerType=RUN,inputData=UNIQUE""",avgt,ms/op,gpt,prompt1,2,344.4140327466667,2.0161462723565737
53ba593,org.roaringbitmap.CheckedAddBenchmark.original,"""containerType=RUN,inputData=UNIQUE""",avgt,ms/op,gpt,prompt4,2,292.62763158,0.796509038223844
53ba593,org.roaringbitmap.CheckedAddBenchmark.original,"""containerType=RUN,inputData=UNIQUE""",avgt,ms/op,gpt,prompt3,2,342.36678551999995,0.5784276382566438
53ba593,org.roaringbitmap.CheckedAddBenchmark.original,"""containerType=RUN,inputData=UNIQUE""",avgt,ms/op,gpt,prompt1,3,294.1349631066667,2.9619221508461413
53ba593,org.roaringbitmap.CheckedAddBenchmark.original,"""containerType=RUN,inputData=UNIQUE""",avgt,ms/op,gpt,prompt4,3,343.8437462,0.7963064358052196
53ba593,org.roaringbitmap.CheckedAddBenchmark.original,"""containerType=RUN,inputData=UNIQUE""",avgt,ms/op,gpt,prompt3,3,346.1510354133334,2.8956970251330376
53ba593,org.roaringbitmap.CheckedAddBenchmark.original,"""containerType=RUN,inputData=UNIQUE""",avgt,ms/op,gemini,prompt1,2,343.28635354000005,1.2005205159548888
53ba593,org.roaringbitmap.CheckedAddBenchmark.original,"""containerType=RUN,inputData=UNIQUE""",avgt,ms/op,gemini,prompt4,2,343.4182446933334,0.7305048334012139
53ba593,org.roaringbitmap.CheckedAddBenchmark.original,"""containerType=RUN,inputData=UNIQUE""",avgt,ms/op,gemini,prompt2,2,273.97368658833335,2.1494656948135353
53ba593,org.roaringbitmap.CheckedAddBenchmark.original,"""containerType=RUN,inputData=UNIQUE""",avgt,ms/op,gemini,prompt3,2,343.6419922333334,1.4391046423697789
53ba593,org.roaringbitmap.CheckedAddBenchmark.original,"""containerType=RUN,inputData=UNIQUE""",avgt,ms/op,gemini,prompt1,3,294.42990816666673,2.1871708873498483
53ba593,org.roaringbitmap.CheckedAddBenchmark.original,"""containerType=RUN,inputData=UNIQUE""",avgt,ms/op,gemini,prompt4,3,333.7488277066667,1.6025599311239103
53ba593,org.roaringbitmap.CheckedAddBenchmark.original,"""containerType=RUN,inputData=UNIQUE""",avgt,ms/op,gemini,prompt2,3,345.0572514333334,3.1310686086794526
53ba593,org.roaringbitmap.CheckedAddBenchmark.original,"""containerType=RUN,inputData=UNIQUE""",avgt,ms/op,gemini,prompt3,3,344.6760091200001,2.4414819704730815
1de6825,org.roaringbitmap.IntermediateByteArrayBenchmark.optimized,,avgt,ns/op,original,,,5.327343112602677,0.03110651378300687
1de6825,org.roaringbitmap.IntermediateByteArrayBenchmark.optimized,,avgt,ns/op,developer,,,4.79509370204076,0.013401094895687866
1de6825,org.roaringbitmap.IntermediateByteArrayBenchmark.optimized,,avgt,ns/op,gpt,prompt2,1,4.841673717091108,0.053295490916804786
1de6825,org.roaringbitmap.IntermediateByteArrayBenchmark.optimized,,avgt,ns/op,gpt,prompt4,1,4.793013056685179,0.008899200799686747
1de6825,org.roaringbitmap.IntermediateByteArrayBenchmark.optimized,,avgt,ns/op,gpt,prompt3,1,5.311215033157523,0.01226058953328348
1de6825,org.roaringbitmap.IntermediateByteArrayBenchmark.optimized,,avgt,ns/op,gemini,prompt2,1,5.302741821300291,0.01264692846686739
1de6825,org.roaringbitmap.IntermediateByteArrayBenchmark.optimized,,avgt,ns/op,gemini,prompt1,1,4.797675574916609,0.018085964314882113
1de6825,org.roaringbitmap.IntermediateByteArrayBenchmark.optimized,,avgt,ns/op,gemini,prompt4,1,4.799316556918757,0.0212170201716772
1de6825,org.roaringbitmap.IntermediateByteArrayBenchmark.optimized,,avgt,ns/op,gemini,prompt3,1,4.796674368244378,0.009294741389406875
1de6825,org.roaringbitmap.IntermediateByteArrayBenchmark.optimized,,avgt,ns/op,gpt,prompt2,2,4.806267153696179,0.032111268114075456
1de6825,org.roaringbitmap.IntermediateByteArrayBenchmark.optimized,,avgt,ns/op,gpt,prompt3,2,4.808386318430614,0.025209360831986983
1de6825,org.roaringbitmap.IntermediateByteArrayBenchmark.optimized,,avgt,ns/op,gpt,prompt2,3,4.806267153696179,0.032111268114075456
1de6825,org.roaringbitmap.IntermediateByteArrayBenchmark.optimized,,avgt,ns/op,gpt,prompt3,3,4.831307218104043,0.03754156683919213
1de6825,org.roaringbitmap.IntermediateByteArrayBenchmark.optimized,,avgt,ns/op,gemini,prompt2,2,4.810042102722082,0.026845322328403892
1de6825,org.roaringbitmap.IntermediateByteArrayBenchmark.optimized,,avgt,ns/op,gemini,prompt1,2,4.794408025355119,0.009348255778975651
1de6825,org.roaringbitmap.IntermediateByteArrayBenchmark.optimized,,avgt,ns/op,gemini,prompt4,2,4.798315642043965,0.017916976646031875
1de6825,org.roaringbitmap.IntermediateByteArrayBenchmark.optimized,,avgt,ns/op,gemini,prompt3,2,4.812685854230189,0.029872176123948043
1de6825,org.roaringbitmap.IntermediateByteArrayBenchmark.optimized,,avgt,ns/op,gemini,prompt2,3,4.799992333944867,0.032443339405331346
1de6825,org.roaringbitmap.IntermediateByteArrayBenchmark.optimized,,avgt,ns/op,gemini,prompt1,3,4.820358880111362,0.03451291635501083
1de6825,org.roaringbitmap.IntermediateByteArrayBenchmark.optimized,,avgt,ns/op,gemini,prompt4,3,4.802660466486515,0.020985762297310653
1de6825,org.roaringbitmap.IntermediateByteArrayBenchmark.optimized,,avgt,ns/op,gemini,prompt3,3,4.79025798017955,0.008714214831748633
b5b4af6,org.roaringbitmap.runcontainer.GetCardinalityMappeableContainerBenchmark.getCardinality_negatedUniformHash,,avgt,ns/op,original,,,24.94226136738514,0.01682092412829238
b5b4af6,org.roaringbitmap.runcontainer.GetCardinalityMappeableContainerBenchmark.getCardinality_negatedUniformHash,,avgt,ns/op,developer,,,12.827815495930855,0.015900397060678383
b5b4af6,org.roaringbitmap.runcontainer.GetCardinalityMappeableContainerBenchmark.getCardinality_uniformHash1,,avgt,ns/op,original,,,323.84817965056845,2.7109946046715434
b5b4af6,org.roaringbitmap.runcontainer.GetCardinalityMappeableContainerBenchmark.getCardinality_uniformHash1,,avgt,ns/op,developer,,,287.53559651430703,2.522541745729319
b5b4af6,org.roaringbitmap.runcontainer.GetCardinalityMappeableContainerBenchmark.getCardinality_uniformHash2,,avgt,ns/op,original,,,317.4732148763525,1.4073531621553028
b5b4af6,org.roaringbitmap.runcontainer.GetCardinalityMappeableContainerBenchmark.getCardinality_uniformHash2,,avgt,ns/op,developer,,,282.0179967149537,1.162071224527971
34bce1b,org.roaringbitmap.longlong.ShiftLeftFromSpecifiedPositionBenchmark.optimized,"""count=1,pos=0""",avgt,ns/op,original,,,16.406291925844606,0.15782464208354363
34bce1b,org.roaringbitmap.longlong.ShiftLeftFromSpecifiedPositionBenchmark.optimized,"""count=1,pos=0""",avgt,ns/op,developer,,,3.6636269209773586,0.030148651119690537
34bce1b,org.roaringbitmap.longlong.ShiftLeftFromSpecifiedPositionBenchmark.optimized,"""count=1,pos=0""",avgt,ns/op,gpt,prompt2,1,6.116490786360336,0.002639099998344775
34bce1b,org.roaringbitmap.longlong.ShiftLeftFromSpecifiedPositionBenchmark.optimized,"""count=1,pos=0""",avgt,ns/op,gpt,prompt1,1,6.001819994040788,0.019359509372344756
34bce1b,org.roaringbitmap.longlong.ShiftLeftFromSpecifiedPositionBenchmark.optimized,"""count=1,pos=0""",avgt,ns/op,gpt,prompt4,1,3.917841161289597,0.0034264750055092753
34bce1b,org.roaringbitmap.longlong.ShiftLeftFromSpecifiedPositionBenchmark.optimized,"""count=1,pos=0""",avgt,ns/op,gpt,prompt3,1,6.327726876040394,0.002970204287162716
34bce1b,org.roaringbitmap.longlong.ShiftLeftFromSpecifiedPositionBenchmark.optimized,"""count=1,pos=0""",avgt,ns/op,gemini,prompt2,1,3.9070952292908747,0.0022248570556297207
34bce1b,org.roaringbitmap.longlong.ShiftLeftFromSpecifiedPositionBenchmark.optimized,"""count=1,pos=0""",avgt,ns/op,gemini,prompt1,1,3.811298241793476,0.011539935509597499
34bce1b,org.roaringbitmap.longlong.ShiftLeftFromSpecifiedPositionBenchmark.optimized,"""count=1,pos=0""",avgt,ns/op,gemini,prompt4,1,3.0917650827719907,0.01126529873225163
34bce1b,org.roaringbitmap.longlong.ShiftLeftFromSpecifiedPositionBenchmark.optimized,"""count=1,pos=0""",avgt,ns/op,gemini,prompt3,1,4.478996939270091,0.023785402812384702
34bce1b,org.roaringbitmap.longlong.ShiftLeftFromSpecifiedPositionBenchmark.optimized,"""count=1,pos=0""",avgt,ns/op,gpt,prompt2,2,6.115664350907469,0.04150799437128875
34bce1b,org.roaringbitmap.longlong.ShiftLeftFromSpecifiedPositionBenchmark.optimized,"""count=1,pos=0""",avgt,ns/op,gpt,prompt1,2,6.152088973907222,0.04865687079770122
34bce1b,org.roaringbitmap.longlong.ShiftLeftFromSpecifiedPositionBenchmark.optimized,"""count=1,pos=0""",avgt,ns/op,gpt,prompt4,2,3.5245116991469354,0.020937532556897783
34bce1b,org.roaringbitmap.longlong.ShiftLeftFromSpecifiedPositionBenchmark.optimized,"""count=1,pos=0""",avgt,ns/op,gpt,prompt3,2,3.915300540667804,0.017594137898875123
34bce1b,org.roaringbitmap.longlong.ShiftLeftFromSpecifiedPositionBenchmark.optimized,"""count=1,pos=0""",avgt,ns/op,gemini,prompt2,2,3.92757947941547,0.018806524427945812
34bce1b,org.roaringbitmap.longlong.ShiftLeftFromSpecifiedPositionBenchmark.optimized,"""count=1,pos=0""",avgt,ns/op,gemini,prompt1,2,4.463153014287553,0.0022600187502847284
34bce1b,org.roaringbitmap.longlong.ShiftLeftFromSpecifiedPositionBenchmark.optimized,"""count=1,pos=0""",avgt,ns/op,gemini,prompt4,2,3.922246149005589,0.019720453927357367
34bce1b,org.roaringbitmap.longlong.ShiftLeftFromSpecifiedPositionBenchmark.optimized,"""count=1,pos=0""",avgt,ns/op,gemini,prompt3,2,4.077868740310474,0.008853481893083224
34bce1b,org.roaringbitmap.longlong.ShiftLeftFromSpecifiedPositionBenchmark.optimized,"""count=1,pos=0""",avgt,ns/op,gemini,prompt2,3,3.510777507903348,0.029778861210169063
34bce1b,org.roaringbitmap.longlong.ShiftLeftFromSpecifiedPositionBenchmark.optimized,"""count=1,pos=0""",avgt,ns/op,gemini,prompt1,3,5.58529484150253,0.005631413465419728
34bce1b,org.roaringbitmap.longlong.ShiftLeftFromSpecifiedPositionBenchmark.optimized,"""count=1,pos=0""",avgt,ns/op,gemini,prompt4,3,5.140119839599016,0.00524424464723542
34bce1b,org.roaringbitmap.longlong.ShiftLeftFromSpecifiedPositionBenchmark.optimized,"""count=1,pos=0""",avgt,ns/op,gemini,prompt3,3,3.715020031078246,0.029210382830773162
34bce1b,org.roaringbitmap.longlong.ShiftLeftFromSpecifiedPositionBenchmark.optimized,"""count=1,pos=2""",avgt,ns/op,original,,,18.2310053362523,0.4556443546816351
34bce1b,org.roaringbitmap.longlong.ShiftLeftFromSpecifiedPositionBenchmark.optimized,"""count=1,pos=2""",avgt,ns/op,developer,,,3.6514269742050107,0.018625580517703418
34bce1b,org.roaringbitmap.longlong.ShiftLeftFromSpecifiedPositionBenchmark.optimized,"""count=1,pos=2""",avgt,ns/op,gpt,prompt2,1,6.116504268839956,0.00438816093425348
34bce1b,org.roaringbitmap.longlong.ShiftLeftFromSpecifiedPositionBenchmark.optimized,"""count=1,pos=2""",avgt,ns/op,gpt,prompt1,1,6.026049663325699,0.04205337112631147
34bce1b,org.roaringbitmap.longlong.ShiftLeftFromSpecifiedPositionBenchmark.optimized,"""count=1,pos=2""",avgt,ns/op,gpt,prompt4,1,3.968378230247456,0.0043480257555047796
34bce1b,org.roaringbitmap.longlong.ShiftLeftFromSpecifiedPositionBenchmark.optimized,"""count=1,pos=2""",avgt,ns/op,gpt,prompt3,1,6.326102356654497,0.0025982318119388923
34bce1b,org.roaringbitmap.longlong.ShiftLeftFromSpecifiedPositionBenchmark.optimized,"""count=1,pos=2""",avgt,ns/op,gemini,prompt2,1,4.796590702919238,0.06454459121531868
34bce1b,org.roaringbitmap.longlong.ShiftLeftFromSpecifiedPositionBenchmark.optimized,"""count=1,pos=2""",avgt,ns/op,gemini,prompt1,1,3.8195277510538275,0.01729401434491677
34bce1b,org.roaringbitmap.longlong.ShiftLeftFromSpecifiedPositionBenchmark.optimized,"""count=1,pos=2""",avgt,ns/op,gemini,prompt4,1,3.9135783180015005,0.027105369587354326
34bce1b,org.roaringbitmap.longlong.ShiftLeftFromSpecifiedPositionBenchmark.optimized,"""count=1,pos=2""",avgt,ns/op,gemini,prompt3,1,5.067711773968078,0.0036923774137231987
34bce1b,org.roaringbitmap.longlong.ShiftLeftFromSpecifiedPositionBenchmark.optimized,"""count=1,pos=2""",avgt,ns/op,gpt,prompt2,2,6.092148909870644,0.0162650772197504
34bce1b,org.roaringbitmap.longlong.ShiftLeftFromSpecifiedPositionBenchmark.optimized,"""count=1,pos=2""",avgt,ns/op,gpt,prompt1,2,6.112282536864445,0.004573541162956841
34bce1b,org.roaringbitmap.longlong.ShiftLeftFromSpecifiedPositionBenchmark.optimized,"""count=1,pos=2""",avgt,ns/op,gpt,prompt4,2,3.1238974782212847,0.003887069858798855
34bce1b,org.roaringbitmap.longlong.ShiftLeftFromSpecifiedPositionBenchmark.optimized,"""count=1,pos=2""",avgt,ns/op,gpt,prompt3,2,3.6310709843207807,0.0025964328155602665
34bce1b,org.roaringbitmap.longlong.ShiftLeftFromSpecifiedPositionBenchmark.optimized,"""count=1,pos=2""",avgt,ns/op,gemini,prompt2,2,3.915636045470519,0.012871318866875052
34bce1b,org.roaringbitmap.longlong.ShiftLeftFromSpecifiedPositionBenchmark.optimized,"""count=1,pos=2""",avgt,ns/op,gemini,prompt1,2,4.4747949261090705,0.01210211671741697
34bce1b,org.roaringbitmap.longlong.ShiftLeftFromSpecifiedPositionBenchmark.optimized,"""count=1,pos=2""",avgt,ns/op,gemini,prompt4,2,5.034678232998136,0.03652033711039112
34bce1b,org.roaringbitmap.longlong.ShiftLeftFromSpecifiedPositionBenchmark.optimized,"""count=1,pos=2""",avgt,ns/op,gemini,prompt3,2,4.0769956980785,0.005123273833609351
34bce1b,org.roaringbitmap.longlong.ShiftLeftFromSpecifiedPositionBenchmark.optimized,"""count=1,pos=2""",avgt,ns/op,gemini,prompt2,3,4.702200964950703,0.0348657707060881
34bce1b,org.roaringbitmap.longlong.ShiftLeftFromSpecifiedPositionBenchmark.optimized,"""count=1,pos=2""",avgt,ns/op,gemini,prompt1,3,5.595242325445343,0.024019018538928953
34bce1b,org.roaringbitmap.longlong.ShiftLeftFromSpecifiedPositionBenchmark.optimized,"""count=1,pos=2""",avgt,ns/op,gemini,prompt4,3,5.858890865110595,0.0028733915144503823
34bce1b,org.roaringbitmap.longlong.ShiftLeftFromSpecifiedPositionBenchmark.optimized,"""count=1,pos=2""",avgt,ns/op,gemini,prompt3,3,4.540710121616408,0.02558615383479858
34bce1b,org.roaringbitmap.longlong.ShiftLeftFromSpecifiedPositionBenchmark.optimized,"""count=2,pos=0""",avgt,ns/op,original,,,16.206696376433907,0.08579617965840872
34bce1b,org.roaringbitmap.longlong.ShiftLeftFromSpecifiedPositionBenchmark.optimized,"""count=2,pos=0""",avgt,ns/op,developer,,,3.645586087796321,0.002612213544789017
34bce1b,org.roaringbitmap.longlong.ShiftLeftFromSpecifiedPositionBenchmark.optimized,"""count=2,pos=0""",avgt,ns/op,gpt,prompt2,1,7.98878556229937,0.01705228924905918
34bce1b,org.roaringbitmap.longlong.ShiftLeftFromSpecifiedPositionBenchmark.optimized,"""count=2,pos=0""",avgt,ns/op,gpt,prompt1,1,8.138780986835899,0.07637133990345803
34bce1b,org.roaringbitmap.longlong.ShiftLeftFromSpecifiedPositionBenchmark.optimized,"""count=2,pos=0""",avgt,ns/op,gpt,prompt4,1,3.926544353950631,0.021674916919803992
34bce1b,org.roaringbitmap.longlong.ShiftLeftFromSpecifiedPositionBenchmark.optimized,"""count=2,pos=0""",avgt,ns/op,gpt,prompt3,1,8.572157177979598,0.01998339524511284
34bce1b,org.roaringbitmap.longlong.ShiftLeftFromSpecifiedPositionBenchmark.optimized,"""count=2,pos=0""",avgt,ns/op,gemini,prompt2,1,3.9301299803079575,0.038231238403072985
34bce1b,org.roaringbitmap.longlong.ShiftLeftFromSpecifiedPositionBenchmark.optimized,"""count=2,pos=0""",avgt,ns/op,gemini,prompt1,1,4.06177381195563,0.055758638264657046
34bce1b,org.roaringbitmap.longlong.ShiftLeftFromSpecifiedPositionBenchmark.optimized,"""count=2,pos=0""",avgt,ns/op,gemini,prompt4,1,3.0847839197689892,0.002361649468875725
34bce1b,org.roaringbitmap.longlong.ShiftLeftFromSpecifiedPositionBenchmark.optimized,"""count=2,pos=0""",avgt,ns/op,gemini,prompt3,1,4.472412340352923,0.007207006015382541
34bce1b,org.roaringbitmap.longlong.ShiftLeftFromSpecifiedPositionBenchmark.optimized,"""count=2,pos=0""",avgt,ns/op,gpt,prompt2,2,7.805733441227321,0.005273512986573464
34bce1b,org.roaringbitmap.longlong.ShiftLeftFromSpecifiedPositionBenchmark.optimized,"""count=2,pos=0""",avgt,ns/op,gpt,prompt1,2,7.984946576381117,0.020624314055726182
34bce1b,org.roaringbitmap.longlong.ShiftLeftFromSpecifiedPositionBenchmark.optimized,"""count=2,pos=0""",avgt,ns/op,gpt,prompt4,2,3.645974278193752,0.015934255441152758
34bce1b,org.roaringbitmap.longlong.ShiftLeftFromSpecifiedPositionBenchmark.optimized,"""count=2,pos=0""",avgt,ns/op,gpt,prompt3,2,3.9067087301059518,0.0022134449521087033
34bce1b,org.roaringbitmap.longlong.ShiftLeftFromSpecifiedPositionBenchmark.optimized,"""count=2,pos=0""",avgt,ns/op,gemini,prompt2,2,3.9080229693753523,0.0028977167482223216
34bce1b,org.roaringbitmap.longlong.ShiftLeftFromSpecifiedPositionBenchmark.optimized,"""count=2,pos=0""",avgt,ns/op,gemini,prompt1,2,4.462864548752055,0.001822309450093563
34bce1b,org.roaringbitmap.longlong.ShiftLeftFromSpecifiedPositionBenchmark.optimized,"""count=2,pos=0""",avgt,ns/op,gemini,prompt4,2,3.9816299573360925,0.019317191322433907
34bce1b,org.roaringbitmap.longlong.ShiftLeftFromSpecifiedPositionBenchmark.optimized,"""count=2,pos=0""",avgt,ns/op,gemini,prompt3,2,4.337180213857489,0.019994997979415664
34bce1b,org.roaringbitmap.longlong.ShiftLeftFromSpecifiedPositionBenchmark.optimized,"""count=2,pos=0""",avgt,ns/op,gemini,prompt2,3,3.5164646230820966,0.02108115562257652
34bce1b,org.roaringbitmap.longlong.ShiftLeftFromSpecifiedPositionBenchmark.optimized,"""count=2,pos=0""",avgt,ns/op,gemini,prompt1,3,5.589827861456556,0.02907234074961357
34bce1b,org.roaringbitmap.longlong.ShiftLeftFromSpecifiedPositionBenchmark.optimized,"""count=2,pos=0""",avgt,ns/op,gemini,prompt4,3,5.3916909763530825,0.04560436215956417
34bce1b,org.roaringbitmap.longlong.ShiftLeftFromSpecifiedPositionBenchmark.optimized,"""count=2,pos=0""",avgt,ns/op,gemini,prompt3,3,3.6925841153369583,0.0034714274179033764
abdd6ff,org.roaringbitmap.SelectTopValuesBenchmark.add,"""count=10000,n=200""",avgt,ns/op,original,,,2662.1638833452425,22.43861776563352
abdd6ff,org.roaringbitmap.SelectTopValuesBenchmark.add,"""count=10000,n=200""",avgt,ns/op,developer,,,2328.5065373004613,14.486262580617163
abdd6ff,org.roaringbitmap.SelectTopValuesBenchmark.add,"""count=10000,n=200""",avgt,ns/op,gpt,prompt2,1,2386.0264561128442,24.363564178186742
abdd6ff,org.roaringbitmap.SelectTopValuesBenchmark.add,"""count=10000,n=200""",avgt,ns/op,gpt,prompt3,1,2717.8929442516383,15.473982199337534
abdd6ff,org.roaringbitmap.SelectTopValuesBenchmark.add,"""count=10000,n=200""",avgt,ns/op,gpt,prompt4,1,2393.3760975153205,10.125839673831365
abdd6ff,org.roaringbitmap.SelectTopValuesBenchmark.add,"""count=10000,n=200""",avgt,ns/op,gpt,prompt1,1,2366.0586138610993,8.515314832530027
abdd6ff,org.roaringbitmap.SelectTopValuesBenchmark.add,"""count=10000,n=200""",avgt,ns/op,gemini,prompt2,1,2660.8390419215657,15.780345626769448
abdd6ff,org.roaringbitmap.SelectTopValuesBenchmark.add,"""count=10000,n=200""",avgt,ns/op,gemini,prompt3,1,2482.454736748383,18.53105219176434
abdd6ff,org.roaringbitmap.SelectTopValuesBenchmark.add,"""count=10000,n=200""",avgt,ns/op,gemini,prompt4,1,2657.291723578792,10.121902760789625
abdd6ff,org.roaringbitmap.SelectTopValuesBenchmark.add,"""count=10000,n=200""",avgt,ns/op,gemini,prompt1,1,2722.1123013902875,13.593625645564975
abdd6ff,org.roaringbitmap.SelectTopValuesBenchmark.add,"""count=10000,n=200""",avgt,ns/op,gpt,prompt2,2,2375.5523680650904,10.814081453873646
abdd6ff,org.roaringbitmap.SelectTopValuesBenchmark.add,"""count=10000,n=200""",avgt,ns/op,gpt,prompt3,2,2410.0250581817754,18.338091388646394
abdd6ff,org.roaringbitmap.SelectTopValuesBenchmark.add,"""count=10000,n=200""",avgt,ns/op,gpt,prompt4,2,2468.2557942488597,14.061957123096215
abdd6ff,org.roaringbitmap.SelectTopValuesBenchmark.add,"""count=10000,n=200""",avgt,ns/op,gpt,prompt1,2,2325.3595144450674,17.23853089579414
abdd6ff,org.roaringbitmap.SelectTopValuesBenchmark.add,"""count=10000,n=200""",avgt,ns/op,gpt,prompt3,3,2410.1345376619547,17.46676649722705
abdd6ff,org.roaringbitmap.SelectTopValuesBenchmark.add,"""count=10000,n=200""",avgt,ns/op,gpt,prompt4,3,2636.7369149806646,15.393379127753406
abdd6ff,org.roaringbitmap.SelectTopValuesBenchmark.add,"""count=10000,n=200""",avgt,ns/op,gpt,prompt1,3,2604.8583847326745,17.964044572623056
abdd6ff,org.roaringbitmap.SelectTopValuesBenchmark.add,"""count=10000,n=200""",avgt,ns/op,gemini,prompt2,2,2634.6483569319826,10.97734215132254
abdd6ff,org.roaringbitmap.SelectTopValuesBenchmark.add,"""count=10000,n=200""",avgt,ns/op,gemini,prompt3,2,2335.2492896725903,12.79017008487333
abdd6ff,org.roaringbitmap.SelectTopValuesBenchmark.add,"""count=10000,n=200""",avgt,ns/op,gemini,prompt4,2,2518.7665268819073,19.335452952837834
abdd6ff,org.roaringbitmap.SelectTopValuesBenchmark.add,"""count=10000,n=200""",avgt,ns/op,gemini,prompt1,2,2327.010074361144,35.448173095381
abdd6ff,org.roaringbitmap.SelectTopValuesBenchmark.add,"""count=10000,n=200""",avgt,ns/op,gemini,prompt2,3,2496.0411220119954,19.652476124159918
abdd6ff,org.roaringbitmap.SelectTopValuesBenchmark.add,"""count=10000,n=200""",avgt,ns/op,gemini,prompt3,3,2673.930205235262,20.037751411093733
abdd6ff,org.roaringbitmap.SelectTopValuesBenchmark.add,"""count=10000,n=200""",avgt,ns/op,gemini,prompt4,3,2354.8674856554994,7.195169525365549
abdd6ff,org.roaringbitmap.SelectTopValuesBenchmark.add,"""count=10000,n=200""",avgt,ns/op,gemini,prompt1,3,2683.088497340299,34.32640994365832
abdd6ff,org.roaringbitmap.SelectTopValuesBenchmark.batchIterator,"""count=10000,n=200""",avgt,ns/op,original,,,2883.0893877352005,17.45433522336912
abdd6ff,org.roaringbitmap.SelectTopValuesBenchmark.batchIterator,"""count=10000,n=200""",avgt,ns/op,developer,,,2678.948472530575,17.575722372282062
abdd6ff,org.roaringbitmap.SelectTopValuesBenchmark.batchIterator,"""count=10000,n=200""",avgt,ns/op,gpt,prompt2,1,2997.2296155526424,22.725690980701483
abdd6ff,org.roaringbitmap.SelectTopValuesBenchmark.batchIterator,"""count=10000,n=200""",avgt,ns/op,gpt,prompt3,1,2736.4579857641716,9.109066698704249
abdd6ff,org.roaringbitmap.SelectTopValuesBenchmark.batchIterator,"""count=10000,n=200""",avgt,ns/op,gpt,prompt4,1,2755.594686509546,20.26845636486733
abdd6ff,org.roaringbitmap.SelectTopValuesBenchmark.batchIterator,"""count=10000,n=200""",avgt,ns/op,gpt,prompt1,1,2747.0693507526994,13.359213896684727
abdd6ff,org.roaringbitmap.SelectTopValuesBenchmark.batchIterator,"""count=10000,n=200""",avgt,ns/op,gemini,prompt2,1,2988.814925690967,13.799228318631561
abdd6ff,org.roaringbitmap.SelectTopValuesBenchmark.batchIterator,"""count=10000,n=200""",avgt,ns/op,gemini,prompt3,1,3081.7942287474975,29.587078353902932
abdd6ff,org.roaringbitmap.SelectTopValuesBenchmark.batchIterator,"""count=10000,n=200""",avgt,ns/op,gemini,prompt4,1,2761.472105481055,49.39644545578959
abdd6ff,org.roaringbitmap.SelectTopValuesBenchmark.batchIterator,"""count=10000,n=200""",avgt,ns/op,gemini,prompt1,1,2960.4740817252064,26.392912549370028
abdd6ff,org.roaringbitmap.SelectTopValuesBenchmark.batchIterator,"""count=10000,n=200""",avgt,ns/op,gpt,prompt2,2,2924.530259334604,29.778079363076863
abdd6ff,org.roaringbitmap.SelectTopValuesBenchmark.batchIterator,"""count=10000,n=200""",avgt,ns/op,gpt,prompt3,2,2985.58999471901,16.96379166411968
abdd6ff,org.roaringbitmap.SelectTopValuesBenchmark.batchIterator,"""count=10000,n=200""",avgt,ns/op,gpt,prompt4,2,2755.3173022001192,16.349111752402116
abdd6ff,org.roaringbitmap.SelectTopValuesBenchmark.batchIterator,"""count=10000,n=200""",avgt,ns/op,gpt,prompt1,2,2911.0438919157355,17.894081888217745
abdd6ff,org.roaringbitmap.SelectTopValuesBenchmark.batchIterator,"""count=10000,n=200""",avgt,ns/op,gpt,prompt3,3,2840.82300527463,14.086323695901266
abdd6ff,org.roaringbitmap.SelectTopValuesBenchmark.batchIterator,"""count=10000,n=200""",avgt,ns/op,gpt,prompt4,3,2877.6813721927833,16.030382155323814
abdd6ff,org.roaringbitmap.SelectTopValuesBenchmark.batchIterator,"""count=10000,n=200""",avgt,ns/op,gpt,prompt1,3,2791.3486905536065,13.201547224555021
abdd6ff,org.roaringbitmap.SelectTopValuesBenchmark.batchIterator,"""count=10000,n=200""",avgt,ns/op,gemini,prompt2,2,2771.9764594734534,29.7941108558998
abdd6ff,org.roaringbitmap.SelectTopValuesBenchmark.batchIterator,"""count=10000,n=200""",avgt,ns/op,gemini,prompt3,2,3001.054524804343,32.220800371881865
abdd6ff,org.roaringbitmap.SelectTopValuesBenchmark.batchIterator,"""count=10000,n=200""",avgt,ns/op,gemini,prompt4,2,2838.3105230327324,13.68421107383906
abdd6ff,org.roaringbitmap.SelectTopValuesBenchmark.batchIterator,"""count=10000,n=200""",avgt,ns/op,gemini,prompt1,2,2842.8542444477616,13.132764944434872
abdd6ff,org.roaringbitmap.SelectTopValuesBenchmark.batchIterator,"""count=10000,n=200""",avgt,ns/op,gemini,prompt2,3,2950.6952163919236,30.616449063257008
abdd6ff,org.roaringbitmap.SelectTopValuesBenchmark.batchIterator,"""count=10000,n=200""",avgt,ns/op,gemini,prompt3,3,2918.292302753306,3.917197769766161
abdd6ff,org.roaringbitmap.SelectTopValuesBenchmark.batchIterator,"""count=10000,n=200""",avgt,ns/op,gemini,prompt4,3,2767.273045499464,19.692505828056944
abdd6ff,org.roaringbitmap.SelectTopValuesBenchmark.batchIterator,"""count=10000,n=200""",avgt,ns/op,gemini,prompt1,3,2828.7400305426672,7.417500676273294
